signal_period,holding_month,dynamic_hedge_ratio,zscore_signal,layer_status
2017-03,2017-04,0.5,0.0997204062681507,HISTORICAL_DELAYED_NON_CANONICAL_SPOT_SENSITIVITY
2017-04,2017-05,0.5,0.476305859385555,HISTORICAL_DELAYED_NON_CANONICAL_SPOT_SENSITIVITY
2017-05,2017-06,0.5,0.1509188218449,HISTORICAL_DELAYED_NON_CANONICAL_SPOT_SENSITIVITY
2017-06,2017-07,0.5,0.718893742929044,HISTORICAL_DELAYED_NON_CANONICAL_SPOT_SENSITIVITY
2017-07,2017-08,0.5,0.159093980407724,HISTORICAL_DELAYED_NON_CANONICAL_SPOT_SENSITIVITY
2017-08,2017-09,0.5,0.256679904280635,HISTORICAL_DELAYED_NON_CANONICAL_SPOT_SENSITIVITY
2017-09,2017-10,0.5,0.712678474337588,HISTORICAL_DELAYED_NON_CANONICAL_SPOT_SENSITIVITY
2017-10,2017-11,0.5,0.241552193384075,HISTORICAL_DELAYED_NON_CANONICAL_SPOT_SENSITIVITY
2017-11,2017-12,0.1,-0.641556303212832,HISTORICAL_DELAYED_NON_CANONICAL_SPOT_SENSITIVITY
2017-12,2018-01,0.1,-0.876514721631613,HISTORICAL_DELAYED_NON_CANONICAL_SPOT_SENSITIVITY
2018-01,2018-02,0.1,-0.819109093251003,HISTORICAL_DELAYED_NON_CANONICAL_SPOT_SENSITIVITY
2018-02,2018-03,0.1,-0.675941073048541,HISTORICAL_DELAYED_NON_CANONICAL_SPOT_SENSITIVITY
2018-03,2018-04,0.1,-1.02090209726723,HISTORICAL_DELAYED_NON_CANONICAL_SPOT_SENSITIVITY
2018-04,2018-05,0.1,-0.846099839557579,HISTORICAL_DELAYED_NON_CANONICAL_SPOT_SENSITIVITY
2018-05,2018-06,0.1,-0.619768339373999,HISTORICAL_DELAYED_NON_CANONICAL_SPOT_SENSITIVITY
2018-06,2018-07,0.5,0.215755340902562,HISTORICAL_DELAYED_NON_CANONICAL_SPOT_SENSITIVITY
2018-07,2018-08,0.5,0.0478058267224198,HISTORICAL_DELAYED_NON_CANONICAL_SPOT_SENSITIVITY
2018-08,2018-09,0.5,0.112329937386762,HISTORICAL_DELAYED_NON_CANONICAL_SPOT_SENSITIVITY
2018-09,2018-10,0.5,-0.0297624392965204,HISTORICAL_DELAYED_NON_CANONICAL_SPOT_SENSITIVITY
2018-10,2018-11,0.5,0.535144122494375,HISTORICAL_DELAYED_NON_CANONICAL_SPOT_SENSITIVITY
2018-11,2018-12,0.5,0.0885629817133601,HISTORICAL_DELAYED_NON_CANONICAL_SPOT_SENSITIVITY
2018-12,2019-01,0.5,0.0522241528134603,HISTORICAL_DELAYED_NON_CANONICAL_SPOT_SENSITIVITY
2019-01,2019-02,0.5,-0.123269432558227,HISTORICAL_DELAYED_NON_CANONICAL_SPOT_SENSITIVITY
2019-02,2019-03,0.5,-0.0103938398296614,HISTORICAL_DELAYED_NON_CANONICAL_SPOT_SENSITIVITY
2019-03,2019-04,0.5,0.430565428999243,HISTORICAL_DELAYED_NON_CANONICAL_SPOT_SENSITIVITY
2019-04,2019-05,0.5,0.983175822889666,HISTORICAL_DELAYED_NON_CANONICAL_SPOT_SENSITIVITY
2019-05,2019-06,0.5,1.50504567048351,HISTORICAL_DELAYED_NON_CANONICAL_SPOT_SENSITIVITY
2019-06,2019-07,0.5,0.743400675161289,HISTORICAL_DELAYED_NON_CANONICAL_SPOT_SENSITIVITY
2019-07,2019-08,0.5,1.44728273952617,HISTORICAL_DELAYED_NON_CANONICAL_SPOT_SENSITIVITY
2019-08,2019-09,0.5,1.91179870150229,HISTORICAL_DELAYED_NON_CANONICAL_SPOT_SENSITIVITY
2019-09,2019-10,0.5,1.67450646270708,HISTORICAL_DELAYED_NON_CANONICAL_SPOT_SENSITIVITY
2019-10,2019-11,0.5,0.764980332905196,HISTORICAL_DELAYED_NON_CANONICAL_SPOT_SENSITIVITY
2019-11,2019-12,0.5,1.08303357888509,HISTORICAL_DELAYED_NON_CANONICAL_SPOT_SENSITIVITY
2019-12,2020-01,0.5,0.516128580430243,HISTORICAL_DELAYED_NON_CANONICAL_SPOT_SENSITIVITY
2020-01,2020-02,0.5,1.29028625655783,HISTORICAL_DELAYED_NON_CANONICAL_SPOT_SENSITIVITY
2020-02,2020-03,0.5,1.86899652390359,HISTORICAL_DELAYED_NON_CANONICAL_SPOT_SENSITIVITY
2020-03,2020-04,0.5,1.90149272363274,HISTORICAL_DELAYED_NON_CANONICAL_SPOT_SENSITIVITY
2020-04,2020-05,0.5,1.72331490033954,HISTORICAL_DELAYED_NON_CANONICAL_SPOT_SENSITIVITY
2020-05,2020-06,0.9,2.06103580361436,HISTORICAL_DELAYED_NON_CANONICAL_SPOT_SENSITIVITY
2020-06,2020-07,0.5,1.22938638206425,HISTORICAL_DELAYED_NON_CANONICAL_SPOT_SENSITIVITY
2020-07,2020-08,0.5,0.984250655722152,HISTORICAL_DELAYED_NON_CANONICAL_SPOT_SENSITIVITY
2020-08,2020-09,0.5,0.917628439038969,HISTORICAL_DELAYED_NON_CANONICAL_SPOT_SENSITIVITY
2020-09,2020-10,0.5,0.371660057329101,HISTORICAL_DELAYED_NON_CANONICAL_SPOT_SENSITIVITY
2020-10,2020-11,0.5,-0.439927021462613,HISTORICAL_DELAYED_NON_CANONICAL_SPOT_SENSITIVITY
2020-11,2020-12,0.1,-1.01936974242918,HISTORICAL_DELAYED_NON_CANONICAL_SPOT_SENSITIVITY
2020-12,2021-01,0.1,-1.39593008502773,HISTORICAL_DELAYED_NON_CANONICAL_SPOT_SENSITIVITY
2021-01,2021-02,0.1,-0.755050958610939,HISTORICAL_DELAYED_NON_CANONICAL_SPOT_SENSITIVITY
2021-02,2021-03,0.1,-0.567269248009988,HISTORICAL_DELAYED_NON_CANONICAL_SPOT_SENSITIVITY
2021-03,2021-04,0.5,-0.354008820962102,HISTORICAL_DELAYED_NON_CANONICAL_SPOT_SENSITIVITY
2021-04,2021-05,0.1,-0.837169453382657,HISTORICAL_DELAYED_NON_CANONICAL_SPOT_SENSITIVITY
2021-05,2021-06,0.1,-0.811927830250974,HISTORICAL_DELAYED_NON_CANONICAL_SPOT_SENSITIVITY
2021-06,2021-07,0.5,-0.248614813398633,HISTORICAL_DELAYED_NON_CANONICAL_SPOT_SENSITIVITY
2021-07,2021-08,0.5,0.0538500076182584,HISTORICAL_DELAYED_NON_CANONICAL_SPOT_SENSITIVITY
2021-08,2021-09,0.5,0.427812394746968,HISTORICAL_DELAYED_NON_CANONICAL_SPOT_SENSITIVITY
2021-09,2021-10,0.5,1.01627586773114,HISTORICAL_DELAYED_NON_CANONICAL_SPOT_SENSITIVITY
2021-10,2021-11,0.5,0.594297685782188,HISTORICAL_DELAYED_NON_CANONICAL_SPOT_SENSITIVITY
2021-11,2021-12,0.5,1.14137351677656,HISTORICAL_DELAYED_NON_CANONICAL_SPOT_SENSITIVITY
2021-12,2022-01,0.5,1.119635833589,HISTORICAL_DELAYED_NON_CANONICAL_SPOT_SENSITIVITY
2022-01,2022-02,0.5,1.53764949729802,HISTORICAL_DELAYED_NON_CANONICAL_SPOT_SENSITIVITY
2022-02,2022-03,0.5,1.26093914149015,HISTORICAL_DELAYED_NON_CANONICAL_SPOT_SENSITIVITY
2022-03,2022-04,0.5,1.58072555075062,HISTORICAL_DELAYED_NON_CANONICAL_SPOT_SENSITIVITY
2022-04,2022-05,0.9,2.78628058149812,HISTORICAL_DELAYED_NON_CANONICAL_SPOT_SENSITIVITY
2022-05,2022-06,0.5,1.93986178440274,HISTORICAL_DELAYED_NON_CANONICAL_SPOT_SENSITIVITY
2022-06,2022-07,0.9,2.69987276844258,HISTORICAL_DELAYED_NON_CANONICAL_SPOT_SENSITIVITY
2022-07,2022-08,0.9,2.74261748162694,HISTORICAL_DELAYED_NON_CANONICAL_SPOT_SENSITIVITY
2022-08,2022-09,0.9,3.17727144194402,HISTORICAL_DELAYED_NON_CANONICAL_SPOT_SENSITIVITY
2022-09,2022-10,0.9,4.12369597081831,HISTORICAL_DELAYED_NON_CANONICAL_SPOT_SENSITIVITY
2022-10,2022-11,0.9,3.49450341290676,HISTORICAL_DELAYED_NON_CANONICAL_SPOT_SENSITIVITY
2022-11,2022-12,0.9,2.00838340774884,HISTORICAL_DELAYED_NON_CANONICAL_SPOT_SENSITIVITY
2022-12,2023-01,0.5,1.1005748191753,HISTORICAL_DELAYED_NON_CANONICAL_SPOT_SENSITIVITY
2023-01,2023-02,0.5,0.69705366706986,HISTORICAL_DELAYED_NON_CANONICAL_SPOT_SENSITIVITY
2023-02,2023-03,0.5,1.79569182670921,HISTORICAL_DELAYED_NON_CANONICAL_SPOT_SENSITIVITY
2023-03,2023-04,0.5,1.45029897217081,HISTORICAL_DELAYED_NON_CANONICAL_SPOT_SENSITIVITY
2023-04,2023-05,0.5,1.91820394317968,HISTORICAL_DELAYED_NON_CANONICAL_SPOT_SENSITIVITY
2023-05,2023-06,0.5,1.6480299090754,HISTORICAL_DELAYED_NON_CANONICAL_SPOT_SENSITIVITY
2023-06,2023-07,0.5,1.62600206848889,HISTORICAL_DELAYED_NON_CANONICAL_SPOT_SENSITIVITY
2023-07,2023-08,0.5,1.00556997142869,HISTORICAL_DELAYED_NON_CANONICAL_SPOT_SENSITIVITY
2023-08,2023-09,0.5,1.54327342652034,HISTORICAL_DELAYED_NON_CANONICAL_SPOT_SENSITIVITY
2023-09,2023-10,0.5,1.77701097630107,HISTORICAL_DELAYED_NON_CANONICAL_SPOT_SENSITIVITY
2023-10,2023-11,0.5,1.70292842613058,HISTORICAL_DELAYED_NON_CANONICAL_SPOT_SENSITIVITY
2023-11,2023-12,0.5,0.924589139626385,HISTORICAL_DELAYED_NON_CANONICAL_SPOT_SENSITIVITY
2023-12,2024-01,0.5,0.760911136746663,HISTORICAL_DELAYED_NON_CANONICAL_SPOT_SENSITIVITY
2024-01,2024-02,0.5,1.31667115444953,HISTORICAL_DELAYED_NON_CANONICAL_SPOT_SENSITIVITY
2024-02,2024-03,0.5,1.35508574856464,HISTORICAL_DELAYED_NON_CANONICAL_SPOT_SENSITIVITY
2024-03,2024-04,0.5,1.45557750192528,HISTORICAL_DELAYED_NON_CANONICAL_SPOT_SENSITIVITY
2024-04,2024-05,0.5,1.87240661798892,HISTORICAL_DELAYED_NON_CANONICAL_SPOT_SENSITIVITY
2024-05,2024-06,0.5,1.68710856590458,HISTORICAL_DELAYED_NON_CANONICAL_SPOT_SENSITIVITY
2024-06,2024-07,0.5,1.67125723795276,HISTORICAL_DELAYED_NON_CANONICAL_SPOT_SENSITIVITY
2024-07,2024-08,0.5,1.4567189313643,HISTORICAL_DELAYED_NON_CANONICAL_SPOT_SENSITIVITY
2024-08,2024-09,0.5,1.01861497882392,HISTORICAL_DELAYED_NON_CANONICAL_SPOT_SENSITIVITY
2024-09,2024-10,0.5,0.790403362999279,HISTORICAL_DELAYED_NON_CANONICAL_SPOT_SENSITIVITY
2024-10,2024-11,0.5,1.45355718129618,HISTORICAL_DELAYED_NON_CANONICAL_SPOT_SENSITIVITY
2024-11,2024-12,0.5,1.55662170415921,HISTORICAL_DELAYED_NON_CANONICAL_SPOT_SENSITIVITY
2024-12,2025-01,0.9,2.26162732986983,HISTORICAL_DELAYED_NON_CANONICAL_SPOT_SENSITIVITY
2025-01,2025-02,0.5,1.88066444687393,HISTORICAL_DELAYED_NON_CANONICAL_SPOT_SENSITIVITY
2025-02,2025-03,0.5,1.88372559192218,HISTORICAL_DELAYED_NON_CANONICAL_SPOT_SENSITIVITY
2025-03,2025-04,0.9,2.01124742135843,HISTORICAL_DELAYED_NON_CANONICAL_SPOT_SENSITIVITY
2025-04,2025-05,0.5,1.4663648330347,HISTORICAL_DELAYED_NON_CANONICAL_SPOT_SENSITIVITY
2025-05,2025-06,0.5,0.915346932592754,HISTORICAL_DELAYED_NON_CANONICAL_SPOT_SENSITIVITY
2025-06,2025-07,0.5,0.678106830551672,HISTORICAL_DELAYED_NON_CANONICAL_SPOT_SENSITIVITY
2025-07,2025-08,0.5,1.05763223031908,HISTORICAL_DELAYED_NON_CANONICAL_SPOT_SENSITIVITY
2025-08,2025-09,0.5,0.999642110028502,HISTORICAL_DELAYED_NON_CANONICAL_SPOT_SENSITIVITY
2025-09,2025-10,0.5,1.10224273955588,HISTORICAL_DELAYED_NON_CANONICAL_SPOT_SENSITIVITY
2025-10,2025-11,0.5,1.26065677155324,HISTORICAL_DELAYED_NON_CANONICAL_SPOT_SENSITIVITY
2025-11,2025-12,0.5,1.57504123551004,HISTORICAL_DELAYED_NON_CANONICAL_SPOT_SENSITIVITY
2025-12,2026-01,0.5,1.30211890619322,HISTORICAL_DELAYED_NON_CANONICAL_SPOT_SENSITIVITY
2026-01,2026-02,0.5,1.17679762993639,HISTORICAL_DELAYED_NON_CANONICAL_SPOT_SENSITIVITY
2026-02,2026-03,0.5,1.18182078517746,HISTORICAL_DELAYED_NON_CANONICAL_SPOT_SENSITIVITY
2026-03,2026-04,0.5,1.84867855368736,HISTORICAL_DELAYED_NON_CANONICAL_SPOT_SENSITIVITY
2026-04,2026-05,0.5,1.51065220273164,HISTORICAL_DELAYED_NON_CANONICAL_SPOT_SENSITIVITY
2026-05,2026-06,0.5,1.81733187960533,HISTORICAL_DELAYED_NON_CANONICAL_SPOT_SENSITIVITY
2026-06,2026-07,0.9,2.2034184529352,HISTORICAL_DELAYED_NON_CANONICAL_SPOT_SENSITIVITY
