year,series_id,display_name,annual_return,months_observed,layer_status
2017,CORE_USD,PDS Core · USD,0.10335507943755307,8,HISTORICAL_DELAYED_NON_CANONICAL_SPOT_SENSITIVITY
2018,CORE_USD,PDS Core · USD,0.002592282028529125,12,HISTORICAL_DELAYED_NON_CANONICAL_SPOT_SENSITIVITY
2019,CORE_USD,PDS Core · USD,0.14337075397968024,12,HISTORICAL_DELAYED_NON_CANONICAL_SPOT_SENSITIVITY
2020,CORE_USD,PDS Core · USD,0.282517045764235,12,HISTORICAL_DELAYED_NON_CANONICAL_SPOT_SENSITIVITY
2021,CORE_USD,PDS Core · USD,0.13743420864022737,12,HISTORICAL_DELAYED_NON_CANONICAL_SPOT_SENSITIVITY
2022,CORE_USD,PDS Core · USD,-0.08082819799159291,12,HISTORICAL_DELAYED_NON_CANONICAL_SPOT_SENSITIVITY
2023,CORE_USD,PDS Core · USD,0.13631181813057003,12,HISTORICAL_DELAYED_NON_CANONICAL_SPOT_SENSITIVITY
2024,CORE_USD,PDS Core · USD,0.09900683819879008,12,HISTORICAL_DELAYED_NON_CANONICAL_SPOT_SENSITIVITY
2025,CORE_USD,PDS Core · USD,0.22734960115266967,12,HISTORICAL_DELAYED_NON_CANONICAL_SPOT_SENSITIVITY
2026,CORE_USD,PDS Core · USD,0.193609626188175,8,HISTORICAL_DELAYED_NON_CANONICAL_SPOT_SENSITIVITY
2017,UNHEDGED_KRW,KRW Unhedged,0.038518651533050896,8,HISTORICAL_DELAYED_NON_CANONICAL_SPOT_SENSITIVITY
2018,UNHEDGED_KRW,KRW Unhedged,0.04647432290401343,12,HISTORICAL_DELAYED_NON_CANONICAL_SPOT_SENSITIVITY
2019,UNHEDGED_KRW,KRW Unhedged,0.18439190685160844,12,HISTORICAL_DELAYED_NON_CANONICAL_SPOT_SENSITIVITY
2020,UNHEDGED_KRW,KRW Unhedged,0.20495719690205028,12,HISTORICAL_DELAYED_NON_CANONICAL_SPOT_SENSITIVITY
2021,UNHEDGED_KRW,KRW Unhedged,0.2457627367271653,12,HISTORICAL_DELAYED_NON_CANONICAL_SPOT_SENSITIVITY
2022,UNHEDGED_KRW,KRW Unhedged,-0.02646845513897944,12,HISTORICAL_DELAYED_NON_CANONICAL_SPOT_SENSITIVITY
2023,UNHEDGED_KRW,KRW Unhedged,0.1521627629136839,12,HISTORICAL_DELAYED_NON_CANONICAL_SPOT_SENSITIVITY
2024,UNHEDGED_KRW,KRW Unhedged,0.2620294430750614,12,HISTORICAL_DELAYED_NON_CANONICAL_SPOT_SENSITIVITY
2025,UNHEDGED_KRW,KRW Unhedged,0.20269205141530366,12,HISTORICAL_DELAYED_NON_CANONICAL_SPOT_SENSITIVITY
2026,UNHEDGED_KRW,KRW Unhedged,0.13443173963501542,8,HISTORICAL_DELAYED_NON_CANONICAL_SPOT_SENSITIVITY
2017,FIXED50_COSTED,Fixed 50% Hedge · 5bp,0.0687434676969565,8,HISTORICAL_DELAYED_NON_CANONICAL_SPOT_SENSITIVITY
2018,FIXED50_COSTED,Fixed 50% Hedge · 5bp,0.021714101221919746,12,HISTORICAL_DELAYED_NON_CANONICAL_SPOT_SENSITIVITY
2019,FIXED50_COSTED,Fixed 50% Hedge · 5bp,0.16077069854182957,12,HISTORICAL_DELAYED_NON_CANONICAL_SPOT_SENSITIVITY
2020,FIXED50_COSTED,Fixed 50% Hedge · 5bp,0.2401587055410641,12,HISTORICAL_DELAYED_NON_CANONICAL_SPOT_SENSITIVITY
2021,FIXED50_COSTED,Fixed 50% Hedge · 5bp,0.18719787580359615,12,HISTORICAL_DELAYED_NON_CANONICAL_SPOT_SENSITIVITY
2022,FIXED50_COSTED,Fixed 50% Hedge · 5bp,-0.05453074456990503,12,HISTORICAL_DELAYED_NON_CANONICAL_SPOT_SENSITIVITY
2023,FIXED50_COSTED,Fixed 50% Hedge · 5bp,0.14224285743207865,12,HISTORICAL_DELAYED_NON_CANONICAL_SPOT_SENSITIVITY
2024,FIXED50_COSTED,Fixed 50% Hedge · 5bp,0.17502727350494074,12,HISTORICAL_DELAYED_NON_CANONICAL_SPOT_SENSITIVITY
2025,FIXED50_COSTED,Fixed 50% Hedge · 5bp,0.21211607543295985,12,HISTORICAL_DELAYED_NON_CANONICAL_SPOT_SENSITIVITY
2026,FIXED50_COSTED,Fixed 50% Hedge · 5bp,0.16323783842655026,8,HISTORICAL_DELAYED_NON_CANONICAL_SPOT_SENSITIVITY
2017,DYNAMIC_COSTED,Dynamic FX · 5bp,0.06192314699317536,8,HISTORICAL_DELAYED_NON_CANONICAL_SPOT_SENSITIVITY
2018,DYNAMIC_COSTED,Dynamic FX · 5bp,0.04109815777744208,12,HISTORICAL_DELAYED_NON_CANONICAL_SPOT_SENSITIVITY
2019,DYNAMIC_COSTED,Dynamic FX · 5bp,0.16077069854182957,12,HISTORICAL_DELAYED_NON_CANONICAL_SPOT_SENSITIVITY
2020,DYNAMIC_COSTED,Dynamic FX · 5bp,0.23922467276515857,12,HISTORICAL_DELAYED_NON_CANONICAL_SPOT_SENSITIVITY
2021,DYNAMIC_COSTED,Dynamic FX · 5bp,0.21139662336025022,12,HISTORICAL_DELAYED_NON_CANONICAL_SPOT_SENSITIVITY
2022,DYNAMIC_COSTED,Dynamic FX · 5bp,-0.04295188133423011,12,HISTORICAL_DELAYED_NON_CANONICAL_SPOT_SENSITIVITY
2023,DYNAMIC_COSTED,Dynamic FX · 5bp,0.13871116833911623,12,HISTORICAL_DELAYED_NON_CANONICAL_SPOT_SENSITIVITY
2024,DYNAMIC_COSTED,Dynamic FX · 5bp,0.17502727350494074,12,HISTORICAL_DELAYED_NON_CANONICAL_SPOT_SENSITIVITY
2025,DYNAMIC_COSTED,Dynamic FX · 5bp,0.22885641278505475,12,HISTORICAL_DELAYED_NON_CANONICAL_SPOT_SENSITIVITY
2026,DYNAMIC_COSTED,Dynamic FX · 5bp,0.20150051825947668,8,HISTORICAL_DELAYED_NON_CANONICAL_SPOT_SENSITIVITY
2021,CORE_DYNAMIC_ADAPTIVE_COMMON,PDS Core + Dynamic FX · common support,0.10416554581464288,8,HISTORICAL_DELAYED_NON_CANONICAL_SPOT_SENSITIVITY
2022,CORE_DYNAMIC_ADAPTIVE_COMMON,PDS Core + Dynamic FX · common support,-0.042951881334229,12,HISTORICAL_DELAYED_NON_CANONICAL_SPOT_SENSITIVITY
2023,CORE_DYNAMIC_ADAPTIVE_COMMON,PDS Core + Dynamic FX · common support,0.13871116833911645,12,HISTORICAL_DELAYED_NON_CANONICAL_SPOT_SENSITIVITY
2024,CORE_DYNAMIC_ADAPTIVE_COMMON,PDS Core + Dynamic FX · common support,0.17502727350494185,12,HISTORICAL_DELAYED_NON_CANONICAL_SPOT_SENSITIVITY
2025,CORE_DYNAMIC_ADAPTIVE_COMMON,PDS Core + Dynamic FX · common support,0.2288564127850532,12,HISTORICAL_DELAYED_NON_CANONICAL_SPOT_SENSITIVITY
2026,CORE_DYNAMIC_ADAPTIVE_COMMON,PDS Core + Dynamic FX · common support,0.20150051825947823,8,HISTORICAL_DELAYED_NON_CANONICAL_SPOT_SENSITIVITY
2021,ADAPTIVE_DYNAMIC_COSTED,PDS Adaptive + Dynamic FX,0.10951320713052115,8,HISTORICAL_DELAYED_NON_CANONICAL_SPOT_SENSITIVITY
2022,ADAPTIVE_DYNAMIC_COSTED,PDS Adaptive + Dynamic FX,-0.05331315243405188,12,HISTORICAL_DELAYED_NON_CANONICAL_SPOT_SENSITIVITY
2023,ADAPTIVE_DYNAMIC_COSTED,PDS Adaptive + Dynamic FX,0.16206125888509226,12,HISTORICAL_DELAYED_NON_CANONICAL_SPOT_SENSITIVITY
2024,ADAPTIVE_DYNAMIC_COSTED,PDS Adaptive + Dynamic FX,0.1900985821074206,12,HISTORICAL_DELAYED_NON_CANONICAL_SPOT_SENSITIVITY
2025,ADAPTIVE_DYNAMIC_COSTED,PDS Adaptive + Dynamic FX,0.2398127935504737,12,HISTORICAL_DELAYED_NON_CANONICAL_SPOT_SENSITIVITY
2026,ADAPTIVE_DYNAMIC_COSTED,PDS Adaptive + Dynamic FX,0.25069871867684324,8,HISTORICAL_DELAYED_NON_CANONICAL_SPOT_SENSITIVITY
