period,series_id,display_name,net_return,series_role
2017-05,PDS_ACTIVE_CORE,PDS Core,0.029668732616391136,ACTIVE_CORE
2017-06,PDS_ACTIVE_CORE,PDS Core,-0.004776285314320172,ACTIVE_CORE
2017-07,PDS_ACTIVE_CORE,PDS Core,0.020667438573311214,ACTIVE_CORE
2017-08,PDS_ACTIVE_CORE,PDS Core,0.01009871738131296,ACTIVE_CORE
2017-09,PDS_ACTIVE_CORE,PDS Core,0.002336822129371141,ACTIVE_CORE
2017-10,PDS_ACTIVE_CORE,PDS Core,0.01989718707065391,ACTIVE_CORE
2017-11,PDS_ACTIVE_CORE,PDS Core,0.00899553685953669,ACTIVE_CORE
2017-12,PDS_ACTIVE_CORE,PDS Core,0.012487037325966233,ACTIVE_CORE
2018-01,PDS_ACTIVE_CORE,PDS Core,0.05378729245991298,ACTIVE_CORE
2018-02,PDS_ACTIVE_CORE,PDS Core,-0.03821240174571705,ACTIVE_CORE
2018-03,PDS_ACTIVE_CORE,PDS Core,-0.00603187541534389,ACTIVE_CORE
2018-04,PDS_ACTIVE_CORE,PDS Core,0.006470794967097904,ACTIVE_CORE
2018-05,PDS_ACTIVE_CORE,PDS Core,0.009901968177965292,ACTIVE_CORE
2018-06,PDS_ACTIVE_CORE,PDS Core,-0.002696263681331801,ACTIVE_CORE
2018-07,PDS_ACTIVE_CORE,PDS Core,0.008622710584697435,ACTIVE_CORE
2018-08,PDS_ACTIVE_CORE,PDS Core,0.02455902753493744,ACTIVE_CORE
2018-09,PDS_ACTIVE_CORE,PDS Core,-0.003183539369225774,ACTIVE_CORE
2018-10,PDS_ACTIVE_CORE,PDS Core,-0.03632634176181415,ACTIVE_CORE
2018-11,PDS_ACTIVE_CORE,PDS Core,0.0036747639048324565,ACTIVE_CORE
2018-12,PDS_ACTIVE_CORE,PDS Core,-0.014609739768465135,ACTIVE_CORE
2019-01,PDS_ACTIVE_CORE,PDS Core,0.01998771646057884,ACTIVE_CORE
2019-02,PDS_ACTIVE_CORE,PDS Core,0.0026672496351178854,ACTIVE_CORE
2019-03,PDS_ACTIVE_CORE,PDS Core,0.017334398794929706,ACTIVE_CORE
2019-04,PDS_ACTIVE_CORE,PDS Core,0.017079553798401648,ACTIVE_CORE
2019-05,PDS_ACTIVE_CORE,PDS Core,-0.03647301180309792,ACTIVE_CORE
2019-06,PDS_ACTIVE_CORE,PDS Core,0.03418079546032393,ACTIVE_CORE
2019-07,PDS_ACTIVE_CORE,PDS Core,0.005419950939815621,ACTIVE_CORE
2019-08,PDS_ACTIVE_CORE,PDS Core,0.030780936636678913,ACTIVE_CORE
2019-09,PDS_ACTIVE_CORE,PDS Core,-0.006705907681007317,ACTIVE_CORE
2019-10,PDS_ACTIVE_CORE,PDS Core,0.016188917526091418,ACTIVE_CORE
2019-11,PDS_ACTIVE_CORE,PDS Core,0.009057165248154808,ACTIVE_CORE
2019-12,PDS_ACTIVE_CORE,PDS Core,0.027245506166580613,ACTIVE_CORE
2020-01,PDS_ACTIVE_CORE,PDS Core,0.0021390056416188408,ACTIVE_CORE
2020-02,PDS_ACTIVE_CORE,PDS Core,-0.010709530365099917,ACTIVE_CORE
2020-03,PDS_ACTIVE_CORE,PDS Core,-0.022270996017732192,ACTIVE_CORE
2020-04,PDS_ACTIVE_CORE,PDS Core,0.06062900525065684,ACTIVE_CORE
2020-05,PDS_ACTIVE_CORE,PDS Core,0.02164275724019915,ACTIVE_CORE
2020-06,PDS_ACTIVE_CORE,PDS Core,0.02526501390339564,ACTIVE_CORE
2020-07,PDS_ACTIVE_CORE,PDS Core,0.05876543646324661,ACTIVE_CORE
2020-08,PDS_ACTIVE_CORE,PDS Core,0.04375053402318274,ACTIVE_CORE
2020-09,PDS_ACTIVE_CORE,PDS Core,-0.03113645794955877,ACTIVE_CORE
2020-10,PDS_ACTIVE_CORE,PDS Core,-0.01722616556759693,ACTIVE_CORE
2020-11,PDS_ACTIVE_CORE,PDS Core,0.074805897233859,ACTIVE_CORE
2020-12,PDS_ACTIVE_CORE,PDS Core,0.053056188021353146,ACTIVE_CORE
2021-01,PDS_ACTIVE_CORE,PDS Core,0.005008275113559613,ACTIVE_CORE
2021-02,PDS_ACTIVE_CORE,PDS Core,0.013774065223456144,ACTIVE_CORE
2021-03,PDS_ACTIVE_CORE,PDS Core,0.012107279883073918,ACTIVE_CORE
2021-04,PDS_ACTIVE_CORE,PDS Core,0.03875494236527399,ACTIVE_CORE
2021-05,PDS_ACTIVE_CORE,PDS Core,0.016615239605616283,ACTIVE_CORE
2021-06,PDS_ACTIVE_CORE,PDS Core,0.009826498097525338,ACTIVE_CORE
2021-07,PDS_ACTIVE_CORE,PDS Core,0.010552109520829633,ACTIVE_CORE
2021-08,PDS_ACTIVE_CORE,PDS Core,0.011417155643458798,ACTIVE_CORE
2021-09,PDS_ACTIVE_CORE,PDS Core,-0.039950538494256116,ACTIVE_CORE
2021-10,PDS_ACTIVE_CORE,PDS Core,0.04422262811396971,ACTIVE_CORE
2021-11,PDS_ACTIVE_CORE,PDS Core,-0.016192554181534646,ACTIVE_CORE
2021-12,PDS_ACTIVE_CORE,PDS Core,0.026092656568525996,ACTIVE_CORE
2022-01,PDS_ACTIVE_CORE,PDS Core,-0.03526923859247877,ACTIVE_CORE
2022-02,PDS_ACTIVE_CORE,PDS Core,0.0033984011727936636,ACTIVE_CORE
2022-03,PDS_ACTIVE_CORE,PDS Core,0.020738883544059172,ACTIVE_CORE
2022-04,PDS_ACTIVE_CORE,PDS Core,-0.022489467700060994,ACTIVE_CORE
2022-05,PDS_ACTIVE_CORE,PDS Core,-0.0012608001633007682,ACTIVE_CORE
2022-06,PDS_ACTIVE_CORE,PDS Core,-0.02565862694932286,ACTIVE_CORE
2022-07,PDS_ACTIVE_CORE,PDS Core,0.0161539900737675,ACTIVE_CORE
2022-08,PDS_ACTIVE_CORE,PDS Core,-0.018382982173459572,ACTIVE_CORE
2022-09,PDS_ACTIVE_CORE,PDS Core,-0.03155863563436523,ACTIVE_CORE
2022-10,PDS_ACTIVE_CORE,PDS Core,0.012670494997654602,ACTIVE_CORE
2022-11,PDS_ACTIVE_CORE,PDS Core,0.020772796738320887,ACTIVE_CORE
2022-12,PDS_ACTIVE_CORE,PDS Core,-0.02063281096790892,ACTIVE_CORE
2023-01,PDS_ACTIVE_CORE,PDS Core,0.04439200874541083,ACTIVE_CORE
2023-02,PDS_ACTIVE_CORE,PDS Core,-0.031118830816979748,ACTIVE_CORE
2023-03,PDS_ACTIVE_CORE,PDS Core,0.025601062707997224,ACTIVE_CORE
2023-04,PDS_ACTIVE_CORE,PDS Core,0.008727371376597626,ACTIVE_CORE
2023-05,PDS_ACTIVE_CORE,PDS Core,0.0069736966856228655,ACTIVE_CORE
2023-06,PDS_ACTIVE_CORE,PDS Core,0.022073821856824383,ACTIVE_CORE
2023-07,PDS_ACTIVE_CORE,PDS Core,0.021027165552873095,ACTIVE_CORE
2023-08,PDS_ACTIVE_CORE,PDS Core,-0.017079486775669173,ACTIVE_CORE
2023-09,PDS_ACTIVE_CORE,PDS Core,-0.023579870826797134,ACTIVE_CORE
2023-10,PDS_ACTIVE_CORE,PDS Core,-0.005612713523497792,ACTIVE_CORE
2023-11,PDS_ACTIVE_CORE,PDS Core,0.03620336801138091,ACTIVE_CORE
2023-12,PDS_ACTIVE_CORE,PDS Core,0.04452243527176125,ACTIVE_CORE
2024-01,PDS_ACTIVE_CORE,PDS Core,-0.011371625991809742,ACTIVE_CORE
2024-02,PDS_ACTIVE_CORE,PDS Core,0.02320312095737065,ACTIVE_CORE
2024-03,PDS_ACTIVE_CORE,PDS Core,0.02721707331207046,ACTIVE_CORE
2024-04,PDS_ACTIVE_CORE,PDS Core,-0.0336614997830591,ACTIVE_CORE
2024-05,PDS_ACTIVE_CORE,PDS Core,0.021886177733278833,ACTIVE_CORE
2024-06,PDS_ACTIVE_CORE,PDS Core,0.025374449417248757,ACTIVE_CORE
2024-07,PDS_ACTIVE_CORE,PDS Core,0.008444408512851442,ACTIVE_CORE
2024-08,PDS_ACTIVE_CORE,PDS Core,0.016564186680131154,ACTIVE_CORE
2024-09,PDS_ACTIVE_CORE,PDS Core,0.026274000051256685,ACTIVE_CORE
2024-10,PDS_ACTIVE_CORE,PDS Core,-0.0102987058923516,ACTIVE_CORE
2024-11,PDS_ACTIVE_CORE,PDS Core,0.025891551168323312,ACTIVE_CORE
2024-12,PDS_ACTIVE_CORE,PDS Core,-0.022147726247509936,ACTIVE_CORE
2025-01,PDS_ACTIVE_CORE,PDS Core,0.018995339008453627,ACTIVE_CORE
2025-02,PDS_ACTIVE_CORE,PDS Core,-0.002941211935455379,ACTIVE_CORE
2025-03,PDS_ACTIVE_CORE,PDS Core,-0.01764927677732875,ACTIVE_CORE
2025-04,PDS_ACTIVE_CORE,PDS Core,0.0028328458148141333,ACTIVE_CORE
2025-05,PDS_ACTIVE_CORE,PDS Core,0.01657369582847279,ACTIVE_CORE
2025-06,PDS_ACTIVE_CORE,PDS Core,0.038937881985072975,ACTIVE_CORE
2025-07,PDS_ACTIVE_CORE,PDS Core,0.0021596199571369823,ACTIVE_CORE
2025-08,PDS_ACTIVE_CORE,PDS Core,0.023677986976163634,ACTIVE_CORE
2025-09,PDS_ACTIVE_CORE,PDS Core,0.0642061351442329,ACTIVE_CORE
2025-10,PDS_ACTIVE_CORE,PDS Core,0.04387199283387955,ACTIVE_CORE
2025-11,PDS_ACTIVE_CORE,PDS Core,-0.0005255903240827253,ACTIVE_CORE
2025-12,PDS_ACTIVE_CORE,PDS Core,0.019311202752018142,ACTIVE_CORE
2026-01,PDS_ACTIVE_CORE,PDS Core,0.07604029139236723,ACTIVE_CORE
2026-02,PDS_ACTIVE_CORE,PDS Core,0.05724481128183889,ACTIVE_CORE
2026-03,PDS_ACTIVE_CORE,PDS Core,-0.07289480723527375,ACTIVE_CORE
2026-04,PDS_ACTIVE_CORE,PDS Core,0.08482852012662612,ACTIVE_CORE
2026-05,PDS_ACTIVE_CORE,PDS Core,0.06520331945017088,ACTIVE_CORE
2026-06,PDS_ACTIVE_CORE,PDS Core,-0.02181116138520589,ACTIVE_CORE
2026-07,PDS_ACTIVE_CORE,PDS Core,-0.046123613947927855,ACTIVE_CORE
2026-08,PDS_ACTIVE_CORE,PDS Core,0.049592747093231804,ACTIVE_CORE
2026-09,PDS_ACTIVE_CORE,PDS Core,-0.0049656148228724994,ACTIVE_CORE
2017-05,ADAA,ADAA,0.028507490084722642,CORE_STRATEGY
2017-06,ADAA,ADAA,-0.0053980135120857975,CORE_STRATEGY
2017-07,ADAA,ADAA,0.020989824280861047,CORE_STRATEGY
2017-08,ADAA,ADAA,0.010174107803068821,CORE_STRATEGY
2017-09,ADAA,ADAA,0.002538936937090508,CORE_STRATEGY
2017-10,ADAA,ADAA,0.0180146900721585,CORE_STRATEGY
2017-11,ADAA,ADAA,0.007366308864672266,CORE_STRATEGY
2017-12,ADAA,ADAA,0.012748236907177635,CORE_STRATEGY
2018-01,ADAA,ADAA,0.053833373161456644,CORE_STRATEGY
2018-02,ADAA,ADAA,-0.037677950950880335,CORE_STRATEGY
2018-03,ADAA,ADAA,-0.006811156147044417,CORE_STRATEGY
2018-04,ADAA,ADAA,0.007648937365794417,CORE_STRATEGY
2018-05,ADAA,ADAA,0.00857041535813341,CORE_STRATEGY
2018-06,ADAA,ADAA,-0.0019608740093134402,CORE_STRATEGY
2018-07,ADAA,ADAA,0.007472633721266497,CORE_STRATEGY
2018-08,ADAA,ADAA,0.023582754563657993,CORE_STRATEGY
2018-09,ADAA,ADAA,-0.0033717032143218972,CORE_STRATEGY
2018-10,ADAA,ADAA,-0.028906789370959585,CORE_STRATEGY
2018-11,ADAA,ADAA,0.002172568678888709,CORE_STRATEGY
2018-12,ADAA,ADAA,-0.007706639273543092,CORE_STRATEGY
2019-01,ADAA,ADAA,0.014906760510438266,CORE_STRATEGY
2019-02,ADAA,ADAA,-0.00035161278638073945,CORE_STRATEGY
2019-03,ADAA,ADAA,0.01927236754845496,CORE_STRATEGY
2019-04,ADAA,ADAA,0.015182605476427247,CORE_STRATEGY
2019-05,ADAA,ADAA,-0.03578585704703274,CORE_STRATEGY
2019-06,ADAA,ADAA,0.03166020750720322,CORE_STRATEGY
2019-07,ADAA,ADAA,0.00466351216238392,CORE_STRATEGY
2019-08,ADAA,ADAA,0.03357694761185215,CORE_STRATEGY
2019-09,ADAA,ADAA,-0.008137464534261118,CORE_STRATEGY
2019-10,ADAA,ADAA,0.014834451991595943,CORE_STRATEGY
2019-11,ADAA,ADAA,0.00685878119896044,CORE_STRATEGY
2019-12,ADAA,ADAA,0.02740945896058533,CORE_STRATEGY
2020-01,ADAA,ADAA,0.0009678337048646402,CORE_STRATEGY
2020-02,ADAA,ADAA,-0.010129193770876177,CORE_STRATEGY
2020-03,ADAA,ADAA,-0.018788150697009343,CORE_STRATEGY
2020-04,ADAA,ADAA,0.04827764605986218,CORE_STRATEGY
2020-05,ADAA,ADAA,0.019100789488211145,CORE_STRATEGY
2020-06,ADAA,ADAA,0.02417591880133685,CORE_STRATEGY
2020-07,ADAA,ADAA,0.059785925268735385,CORE_STRATEGY
2020-08,ADAA,ADAA,0.04199956185210829,CORE_STRATEGY
2020-09,ADAA,ADAA,-0.029833627779090377,CORE_STRATEGY
2020-10,ADAA,ADAA,-0.01691592995777913,CORE_STRATEGY
2020-11,ADAA,ADAA,0.07296666352665837,CORE_STRATEGY
2020-12,ADAA,ADAA,0.05259879381701227,CORE_STRATEGY
2021-01,ADAA,ADAA,0.0036283687914981932,CORE_STRATEGY
2021-02,ADAA,ADAA,0.013298250245096899,CORE_STRATEGY
2021-03,ADAA,ADAA,0.010595999432320813,CORE_STRATEGY
2021-04,ADAA,ADAA,0.03840559653649622,CORE_STRATEGY
2021-05,ADAA,ADAA,0.015670971889830465,CORE_STRATEGY
2021-06,ADAA,ADAA,0.010081709280267193,CORE_STRATEGY
2021-07,ADAA,ADAA,0.01100845956734986,CORE_STRATEGY
2021-08,ADAA,ADAA,0.010534868357594762,CORE_STRATEGY
2021-09,ADAA,ADAA,-0.0383107164909221,CORE_STRATEGY
2021-10,ADAA,ADAA,0.04270577582467783,CORE_STRATEGY
2021-11,ADAA,ADAA,-0.01656717791197493,CORE_STRATEGY
2021-12,ADAA,ADAA,0.024027836594269214,CORE_STRATEGY
2022-01,ADAA,ADAA,-0.03492668078220684,CORE_STRATEGY
2022-02,ADAA,ADAA,0.005220388303216694,CORE_STRATEGY
2022-03,ADAA,ADAA,0.016283024129260415,CORE_STRATEGY
2022-04,ADAA,ADAA,-0.02128568594038771,CORE_STRATEGY
2022-05,ADAA,ADAA,-0.0004909341775016784,CORE_STRATEGY
2022-06,ADAA,ADAA,-0.019917161731222488,CORE_STRATEGY
2022-07,ADAA,ADAA,0.010236605443328495,CORE_STRATEGY
2022-08,ADAA,ADAA,-0.015039780552426052,CORE_STRATEGY
2022-09,ADAA,ADAA,-0.023348728274272035,CORE_STRATEGY
2022-10,ADAA,ADAA,0.006876290059083301,CORE_STRATEGY
2022-11,ADAA,ADAA,0.018319549449206107,CORE_STRATEGY
2022-12,ADAA,ADAA,-0.017180306712574756,CORE_STRATEGY
2023-01,ADAA,ADAA,0.03746052782979814,CORE_STRATEGY
2023-02,ADAA,ADAA,-0.03075909259235443,CORE_STRATEGY
2023-03,ADAA,ADAA,0.026639868663414168,CORE_STRATEGY
2023-04,ADAA,ADAA,0.008954324778633005,CORE_STRATEGY
2023-05,ADAA,ADAA,0.006772868978889068,CORE_STRATEGY
2023-06,ADAA,ADAA,0.01856066115706101,CORE_STRATEGY
2023-07,ADAA,ADAA,0.017882335420005724,CORE_STRATEGY
2023-08,ADAA,ADAA,-0.014599781732891115,CORE_STRATEGY
2023-09,ADAA,ADAA,-0.020274585543146317,CORE_STRATEGY
2023-10,ADAA,ADAA,-0.001244237567194606,CORE_STRATEGY
2023-11,ADAA,ADAA,0.027281124007702884,CORE_STRATEGY
2023-12,ADAA,ADAA,0.04073786359279974,CORE_STRATEGY
2024-01,ADAA,ADAA,-0.011140166285998454,CORE_STRATEGY
2024-02,ADAA,ADAA,0.019576475425409745,CORE_STRATEGY
2024-03,ADAA,ADAA,0.02749646434213271,CORE_STRATEGY
2024-04,ADAA,ADAA,-0.031175721604221995,CORE_STRATEGY
2024-05,ADAA,ADAA,0.01964793169875656,CORE_STRATEGY
2024-06,ADAA,ADAA,0.02496657882706743,CORE_STRATEGY
2024-07,ADAA,ADAA,0.005497731807485362,CORE_STRATEGY
2024-08,ADAA,ADAA,0.017381776659025627,CORE_STRATEGY
2024-09,ADAA,ADAA,0.027705880189316634,CORE_STRATEGY
2024-10,ADAA,ADAA,-0.01118885280771309,CORE_STRATEGY
2024-11,ADAA,ADAA,0.021242684529367173,CORE_STRATEGY
2024-12,ADAA,ADAA,-0.02112221386379365,CORE_STRATEGY
2025-01,ADAA,ADAA,0.017191889149002604,CORE_STRATEGY
2025-02,ADAA,ADAA,-0.001200500771033619,CORE_STRATEGY
2025-03,ADAA,ADAA,-0.01660973495912521,CORE_STRATEGY
2025-04,ADAA,ADAA,0.0021565990563874315,CORE_STRATEGY
2025-05,ADAA,ADAA,0.012765269090184495,CORE_STRATEGY
2025-06,ADAA,ADAA,0.03839010430201184,CORE_STRATEGY
2025-07,ADAA,ADAA,0.0008001786490821061,CORE_STRATEGY
2025-08,ADAA,ADAA,0.024133883109209497,CORE_STRATEGY
2025-09,ADAA,ADAA,0.06259109640784777,CORE_STRATEGY
2025-10,ADAA,ADAA,0.044410277526102826,CORE_STRATEGY
2025-11,ADAA,ADAA,-8.422018225773265e-05,CORE_STRATEGY
2025-12,ADAA,ADAA,0.018757364969725465,CORE_STRATEGY
2026-01,ADAA,ADAA,0.07672062764004828,CORE_STRATEGY
2026-02,ADAA,ADAA,0.06040574080336358,CORE_STRATEGY
2026-03,ADAA,ADAA,-0.07137572999054242,CORE_STRATEGY
2026-04,ADAA,ADAA,0.07894708970696596,CORE_STRATEGY
2026-05,ADAA,ADAA,0.0632815271695859,CORE_STRATEGY
2026-06,ADAA,ADAA,-0.020697801068940147,CORE_STRATEGY
2026-07,ADAA,ADAA,-0.043270515980866286,CORE_STRATEGY
2026-08,ADAA,ADAA,0.04437254201335272,CORE_STRATEGY
2026-09,ADAA,ADAA,-0.005403624198249357,CORE_STRATEGY
2017-05,F2R,F2R,0.04011387846959402,CORE_STRATEGY
2017-06,F2R,F2R,0.0008434684224514211,CORE_STRATEGY
2017-07,F2R,F2R,0.017751244313004566,CORE_STRATEGY
2017-08,F2R,F2R,0.009432587697914663,CORE_STRATEGY
2017-09,F2R,F2R,0.0005200698141658577,CORE_STRATEGY
2017-10,F2R,F2R,0.03685867271304244,CORE_STRATEGY
2017-11,F2R,F2R,0.023679324126062218,CORE_STRATEGY
2017-12,F2R,F2R,0.010164647262712156,CORE_STRATEGY
2018-01,F2R,F2R,0.053373144912103765,CORE_STRATEGY
2018-02,F2R,F2R,-0.04302616602250764,CORE_STRATEGY
2018-03,F2R,F2R,0.0010033309291177517,CORE_STRATEGY
2018-04,F2R,F2R,-0.004079639637309951,CORE_STRATEGY
2018-05,F2R,F2R,0.0219127030731594,CORE_STRATEGY
2018-06,F2R,F2R,-0.009550513635394275,CORE_STRATEGY
2018-07,F2R,F2R,0.01906027608768124,CORE_STRATEGY
2018-08,F2R,F2R,0.033363645910790884,CORE_STRATEGY
2018-09,F2R,F2R,-0.001475926743039313,CORE_STRATEGY
2018-10,F2R,F2R,-0.10289387118940718,CORE_STRATEGY
2018-11,F2R,F2R,0.018228431093243902,CORE_STRATEGY
2018-12,F2R,F2R,-0.07769773855178774,CORE_STRATEGY
2019-01,F2R,F2R,0.06599213104884716,CORE_STRATEGY
2019-02,F2R,F2R,0.029892902200229,CORE_STRATEGY
2019-03,F2R,F2R,-0.00046801889586078893,CORE_STRATEGY
2019-04,F2R,F2R,0.03461711177568172,CORE_STRATEGY
2019-05,F2R,F2R,-0.0426325974040932,CORE_STRATEGY
2019-06,F2R,F2R,0.05689674736531414,CORE_STRATEGY
2019-07,F2R,F2R,0.012110297917157897,CORE_STRATEGY
2019-08,F2R,F2R,0.005729957119906981,CORE_STRATEGY
2019-09,F2R,F2R,0.005897683278973442,CORE_STRATEGY
2019-10,F2R,F2R,0.028410168146320025,CORE_STRATEGY
2019-11,F2R,F2R,0.028854831953172067,CORE_STRATEGY
2019-12,F2R,F2R,0.02582899495729607,CORE_STRATEGY
2020-01,F2R,F2R,0.012613988262696774,CORE_STRATEGY
2020-02,F2R,F2R,-0.015925538743339684,CORE_STRATEGY
2020-03,F2R,F2R,-0.05372586898142795,CORE_STRATEGY
2020-04,F2R,F2R,0.17033481025017672,CORE_STRATEGY
2020-05,F2R,F2R,0.04653146033041344,CORE_STRATEGY
2020-06,F2R,F2R,0.03478529790661922,CORE_STRATEGY
2020-07,F2R,F2R,0.04949988667207461,CORE_STRATEGY
2020-08,F2R,F2R,0.059544795957567676,CORE_STRATEGY
2020-09,F2R,F2R,-0.04279286065811949,CORE_STRATEGY
2020-10,F2R,F2R,-0.01999247777325741,CORE_STRATEGY
2020-11,F2R,F2R,0.0913948873652819,CORE_STRATEGY
2020-12,F2R,F2R,0.05711375055749479,CORE_STRATEGY
2021-01,F2R,F2R,0.017266652728001652,CORE_STRATEGY
2021-02,F2R,F2R,0.018056746790253708,CORE_STRATEGY
2021-03,F2R,F2R,0.02571972180122528,CORE_STRATEGY
2021-04,F2R,F2R,0.041905435300912064,CORE_STRATEGY
2021-05,F2R,F2R,0.025119331653784993,CORE_STRATEGY
2021-06,F2R,F2R,0.007565484088962515,CORE_STRATEGY
2021-07,F2R,F2R,0.006436485302832695,CORE_STRATEGY
2021-08,F2R,F2R,0.01933062863445123,CORE_STRATEGY
2021-09,F2R,F2R,-0.054645598792803174,CORE_STRATEGY
2021-10,F2R,F2R,0.05791129352570645,CORE_STRATEGY
2021-11,F2R,F2R,-0.012866216481929982,CORE_STRATEGY
2021-12,F2R,F2R,0.0444201580565029,CORE_STRATEGY
2022-01,F2R,F2R,-0.0385492275926993,CORE_STRATEGY
2022-02,F2R,F2R,-0.012977484144455542,CORE_STRATEGY
2022-03,F2R,F2R,0.0607756279085081,CORE_STRATEGY
2022-04,F2R,F2R,-0.03359444351244323,CORE_STRATEGY
2022-05,F2R,F2R,-0.00818703458228276,CORE_STRATEGY
2022-06,F2R,F2R,-0.07726968765521902,CORE_STRATEGY
2022-07,F2R,F2R,0.07027798968348087,CORE_STRATEGY
2022-08,F2R,F2R,-0.04836877611326418,CORE_STRATEGY
2022-09,F2R,F2R,-0.10551783684555582,CORE_STRATEGY
2022-10,F2R,F2R,0.0669606282467674,CORE_STRATEGY
2022-11,F2R,F2R,0.042969115065920827,CORE_STRATEGY
2022-12,F2R,F2R,-0.0514727958149066,CORE_STRATEGY
2023-01,F2R,F2R,0.10665059660462606,CORE_STRATEGY
2023-02,F2R,F2R,-0.035116233880503334,CORE_STRATEGY
2023-03,F2R,F2R,0.01628642009015513,CORE_STRATEGY
2023-04,F2R,F2R,0.00671251549183971,CORE_STRATEGY
2023-05,F2R,F2R,0.008786311096753208,CORE_STRATEGY
2023-06,F2R,F2R,0.053805541078764785,CORE_STRATEGY
2023-07,F2R,F2R,0.049366442842053715,CORE_STRATEGY
2023-08,F2R,F2R,-0.03941704719104733,CORE_STRATEGY
2023-09,F2R,F2R,-0.05334441540833701,CORE_STRATEGY
2023-10,F2R,F2R,-0.044854285744075906,CORE_STRATEGY
2023-11,F2R,F2R,0.11765331425350656,CORE_STRATEGY
2023-12,F2R,F2R,0.07813615957519437,CORE_STRATEGY
2024-01,F2R,F2R,-0.013548421493611018,CORE_STRATEGY
2024-02,F2R,F2R,0.055885834602747764,CORE_STRATEGY
2024-03,F2R,F2R,0.02468551495055893,CORE_STRATEGY
2024-04,F2R,F2R,-0.05595425724913694,CORE_STRATEGY
2024-05,F2R,F2R,0.04205298281472891,CORE_STRATEGY
2024-06,F2R,F2R,0.0290856588012407,CORE_STRATEGY
2024-07,F2R,F2R,0.0348151086573083,CORE_STRATEGY
2024-08,F2R,F2R,0.009384144568499897,CORE_STRATEGY
2024-09,F2R,F2R,0.013425606366035403,CORE_STRATEGY
2024-10,F2R,F2R,-0.0023901744719724283,CORE_STRATEGY
2024-11,F2R,F2R,0.06782270776951926,CORE_STRATEGY
2024-12,F2R,F2R,-0.031277242844182096,CORE_STRATEGY
2025-01,F2R,F2R,0.03528995598909401,CORE_STRATEGY
2025-02,F2R,F2R,-0.01849429727316676,CORE_STRATEGY
2025-03,F2R,F2R,-0.02700472463033443,CORE_STRATEGY
2025-04,F2R,F2R,0.008926617094637601,CORE_STRATEGY
2025-05,F2R,F2R,0.05099639267745992,CORE_STRATEGY
2025-06,F2R,F2R,0.043760334399411294,CORE_STRATEGY
2025-07,F2R,F2R,0.01443066224266043,CORE_STRATEGY
2025-08,F2R,F2R,0.019628284123412998,CORE_STRATEGY
2025-09,F2R,F2R,0.0787810533216613,CORE_STRATEGY
2025-10,F2R,F2R,0.03904010040157457,CORE_STRATEGY
2025-11,F2R,F2R,-0.004492428821563088,CORE_STRATEGY
2025-12,F2R,F2R,0.02426737969882309,CORE_STRATEGY
2026-01,F2R,F2R,0.06981911926774331,CORE_STRATEGY
2026-02,F2R,F2R,0.028826019258492597,CORE_STRATEGY
2026-03,F2R,F2R,-0.08649241856845302,CORE_STRATEGY
2026-04,F2R,F2R,0.13799856601808713,CORE_STRATEGY
2026-05,F2R,F2R,0.0824134747624814,CORE_STRATEGY
2026-06,F2R,F2R,-0.03191398450198579,CORE_STRATEGY
2026-07,F2R,F2R,-0.07173190963320608,CORE_STRATEGY
2026-08,F2R,F2R,0.09694349643809308,CORE_STRATEGY
2026-09,F2R,F2R,-0.0007589648480446076,CORE_STRATEGY
2017-05,SPY_AGG_60_40,60/40,0.011216120756033288,REFERENCE
2017-06,SPY_AGG_60_40,60/40,0.0037518528704143517,REFERENCE
2017-07,SPY_AGG_60_40,60/40,0.013668708531450635,REFERENCE
2017-08,SPY_AGG_60_40,60/40,0.005515764748803775,REFERENCE
2017-09,SPY_AGG_60_40,60/40,0.00980317466132874,REFERENCE
2017-10,SPY_AGG_60_40,60/40,0.014530047464190066,REFERENCE
2017-11,SPY_AGG_60_40,60/40,0.01774617666464895,REFERENCE
2017-12,SPY_AGG_60_40,60/40,0.009177589379823603,REFERENCE
2018-01,SPY_AGG_60_40,60/40,0.029314928270102403,REFERENCE
2018-02,SPY_AGG_60_40,60/40,-0.025850982808256484,REFERENCE
2018-03,SPY_AGG_60_40,60/40,-0.013761729911415221,REFERENCE
2018-04,SPY_AGG_60_40,60/40,-0.0006633731305676349,REFERENCE
2018-05,SPY_AGG_60_40,60/40,0.017232632340820064,REFERENCE
2018-06,SPY_AGG_60_40,60/40,0.00386137108310014,REFERENCE
2018-07,SPY_AGG_60_40,60/40,0.022111088852815763,REFERENCE
2018-08,SPY_AGG_60_40,60/40,0.02142398446510363,REFERENCE
2018-09,SPY_AGG_60_40,60/40,0.0010883067942792923,REFERENCE
2018-10,SPY_AGG_60_40,60/40,-0.04403871861091346,REFERENCE
2018-11,SPY_AGG_60_40,60/40,0.014215512998511981,REFERENCE
2018-12,SPY_AGG_60_40,60/40,-0.04490404399616055,REFERENCE
2019-01,SPY_AGG_60_40,60/40,0.05168311906508327,REFERENCE
2019-02,SPY_AGG_60_40,60/40,0.018993960681144895,REFERENCE
2019-03,SPY_AGG_60_40,60/40,0.019350587811900244,REFERENCE
2019-04,SPY_AGG_60_40,60/40,0.023710403881263442,REFERENCE
2019-05,SPY_AGG_60_40,60/40,-0.030619390990394013,REFERENCE
2019-06,SPY_AGG_60_40,60/40,0.0461458888201578,REFERENCE
2019-07,SPY_AGG_60_40,60/40,0.009798977189952929,REFERENCE
2019-08,SPY_AGG_60_40,60/40,0.0010852148618221147,REFERENCE
2019-09,SPY_AGG_60_40,60/40,0.009226174369925788,REFERENCE
2019-10,SPY_AGG_60_40,60/40,0.014095489425626662,REFERENCE
2019-11,SPY_AGG_60_40,60/40,0.021580489218316012,REFERENCE
2019-12,SPY_AGG_60_40,60/40,0.01724612609897269,REFERENCE
2020-01,SPY_AGG_60_40,60/40,0.007873927866506092,REFERENCE
2020-02,SPY_AGG_60_40,60/40,-0.04116072406289051,REFERENCE
2020-03,SPY_AGG_60_40,60/40,-0.0770299438021278,REFERENCE
2020-04,SPY_AGG_60_40,60/40,0.0830663125358806,REFERENCE
2020-05,SPY_AGG_60_40,60/40,0.031277456498673306,REFERENCE
2020-06,SPY_AGG_60_40,60/40,0.013277035924607716,REFERENCE
2020-07,SPY_AGG_60_40,60/40,0.04066801921554841,REFERENCE
2020-08,SPY_AGG_60_40,60/40,0.03858365093190419,REFERENCE
2020-09,SPY_AGG_60_40,60/40,-0.022855468042715432,REFERENCE
2020-10,SPY_AGG_60_40,60/40,-0.017193407926718418,REFERENCE
2020-11,SPY_AGG_60_40,60/40,0.07009329048725266,REFERENCE
2020-12,SPY_AGG_60_40,60/40,0.0225720068693398,REFERENCE
2021-01,SPY_AGG_60_40,60/40,-0.009092639357847543,REFERENCE
2021-02,SPY_AGG_60_40,60/40,0.01061085979626264,REFERENCE
2021-03,SPY_AGG_60_40,60/40,0.022654095995633616,REFERENCE
2021-04,SPY_AGG_60_40,60/40,0.03467449019424995,REFERENCE
2021-05,SPY_AGG_60_40,60/40,0.004754900832015796,REFERENCE
2021-06,SPY_AGG_60_40,60/40,0.016768233312702163,REFERENCE
2021-07,SPY_AGG_60_40,60/40,0.019113837149083546,REFERENCE
2021-08,SPY_AGG_60_40,60/40,0.017054383527661088,REFERENCE
2021-09,SPY_AGG_60_40,60/40,-0.03163207315986016,REFERENCE
2021-10,SPY_AGG_60_40,60/40,0.042063093553923014,REFERENCE
2021-11,SPY_AGG_60_40,60/40,-0.003737479075705097,REFERENCE
2021-12,SPY_AGG_60_40,60/40,0.026313602383879697,REFERENCE
2022-01,SPY_AGG_60_40,60/40,-0.039639029447490204,REFERENCE
2022-02,SPY_AGG_60_40,60/40,-0.022292969751973257,REFERENCE
2022-03,SPY_AGG_60_40,60/40,0.011305587089339264,REFERENCE
2022-04,SPY_AGG_60_40,60/40,-0.0678848160975164,REFERENCE
2022-05,SPY_AGG_60_40,60/40,0.004396516424996166,REFERENCE
2022-06,SPY_AGG_60_40,60/40,-0.05568833050776534,REFERENCE
2022-07,SPY_AGG_60_40,60/40,0.06540497217444208,REFERENCE
2022-08,SPY_AGG_60_40,60/40,-0.03665046794335336,REFERENCE
2022-09,SPY_AGG_60_40,60/40,-0.07204762621246075,REFERENCE
2022-10,SPY_AGG_60_40,60/40,0.043651287784836956,REFERENCE
2022-11,SPY_AGG_60_40,60/40,0.048589043084256156,REFERENCE
2022-12,SPY_AGG_60_40,60/40,-0.03897059125409941,REFERENCE
2023-01,SPY_AGG_60_40,60/40,0.051053290763905634,REFERENCE
2023-02,SPY_AGG_60_40,60/40,-0.025748215080872217,REFERENCE
2023-03,SPY_AGG_60_40,60/40,0.032811584052298226,REFERENCE
2023-04,SPY_AGG_60_40,60/40,0.011887099645356392,REFERENCE
2023-05,SPY_AGG_60_40,60/40,-0.0018073853011159047,REFERENCE
2023-06,SPY_AGG_60_40,60/40,0.03740702402558793,REFERENCE
2023-07,SPY_AGG_60_40,60/40,0.019578514420434123,REFERENCE
2023-08,SPY_AGG_60_40,60/40,-0.012276622573519691,REFERENCE
2023-09,SPY_AGG_60_40,60/40,-0.03881878715713982,REFERENCE
2023-10,SPY_AGG_60_40,60/40,-0.019307866160832576,REFERENCE
2023-11,SPY_AGG_60_40,60/40,0.07317788123651381,REFERENCE
2023-12,SPY_AGG_60_40,60/40,0.04099525284410066,REFERENCE
2024-01,SPY_AGG_60_40,60/40,0.00895132328524828,REFERENCE
2024-02,SPY_AGG_60_40,60/40,0.025413646521481592,REFERENCE
2024-03,SPY_AGG_60_40,60/40,0.023231272500525924,REFERENCE
2024-04,SPY_AGG_60_40,60/40,-0.034104869844124086,REFERENCE
2024-05,SPY_AGG_60_40,60/40,0.03702595673511633,REFERENCE
2024-06,SPY_AGG_60_40,60/40,0.024710144997500905,REFERENCE
2024-07,SPY_AGG_60_40,60/40,0.01694221884017022,REFERENCE
2024-08,SPY_AGG_60_40,60/40,0.019865097534536913,REFERENCE
2024-09,SPY_AGG_60_40,60/40,0.017934126096015524,REFERENCE
2024-10,SPY_AGG_60_40,60/40,-0.015429034568901323,REFERENCE
2024-11,SPY_AGG_60_40,60/40,0.04022394538222085,REFERENCE
2024-12,SPY_AGG_60_40,60/40,-0.022446442364929875,REFERENCE
2025-01,SPY_AGG_60_40,60/40,0.018177817006790553,REFERENCE
2025-02,SPY_AGG_60_40,60/40,0.0013326272209233103,REFERENCE
2025-03,SPY_AGG_60_40,60/40,-0.033536549135465776,REFERENCE
2025-04,SPY_AGG_60_40,60/40,-0.003477988906949503,REFERENCE
2025-05,SPY_AGG_60_40,60/40,0.03527932280963553,REFERENCE
2025-06,SPY_AGG_60_40,60/40,0.03665313628250799,REFERENCE
2025-07,SPY_AGG_60_40,60/40,0.012763194085062546,REFERENCE
2025-08,SPY_AGG_60_40,60/40,0.017073071955633123,REFERENCE
2025-09,SPY_AGG_60_40,60/40,0.02587920261945542,REFERENCE
2025-10,SPY_AGG_60_40,60/40,0.01676436993525665,REFERENCE
2025-11,SPY_AGG_60_40,60/40,0.0035928671628786546,REFERENCE
2025-12,SPY_AGG_60_40,60/40,-0.0006374176006672672,REFERENCE
2026-01,SPY_AGG_60_40,60/40,0.009843895516665535,REFERENCE
2026-02,SPY_AGG_60_40,60/40,0.001207225078902363,REFERENCE
2026-03,SPY_AGG_60_40,60/40,-0.03680587149478565,REFERENCE
2026-04,SPY_AGG_60_40,60/40,0.06370680282989971,REFERENCE
2026-05,SPY_AGG_60_40,60/40,0.032749847872670435,REFERENCE
2026-06,SPY_AGG_60_40,60/40,-0.005158596712412256,REFERENCE
2026-07,SPY_AGG_60_40,60/40,-0.00497709702491711,REFERENCE
2026-08,SPY_AGG_60_40,60/40,0.017637852753457972,REFERENCE
2026-09,SPY_AGG_60_40,60/40,-0.012413542945200806,REFERENCE
2017-05,BIL_CASH,BIL Cash,0.00015292955815593423,CASH_COMPARATOR
2017-06,BIL_CASH,BIL Cash,0.001028194664411286,CASH_COMPARATOR
2017-07,BIL_CASH,BIL Cash,0.00032911061773521766,CASH_COMPARATOR
2017-08,BIL_CASH,BIL Cash,0.0011371991978608165,CASH_COMPARATOR
2017-09,BIL_CASH,BIL Cash,0.0007215223997449893,CASH_COMPARATOR
2017-10,BIL_CASH,BIL Cash,0.000700360417689172,CASH_COMPARATOR
2017-11,BIL_CASH,BIL Cash,0.0005467280596715973,CASH_COMPARATOR
2017-12,BIL_CASH,BIL Cash,0.0007445724096928341,CASH_COMPARATOR
2018-01,BIL_CASH,BIL Cash,0.0013125146897077222,CASH_COMPARATOR
2018-02,BIL_CASH,BIL Cash,0.0008311568156731397,CASH_COMPARATOR
2018-03,BIL_CASH,BIL Cash,0.0013016076208989258,CASH_COMPARATOR
2018-04,BIL_CASH,BIL Cash,0.0010388334374340502,CASH_COMPARATOR
2018-05,BIL_CASH,BIL Cash,0.0014982664544409552,CASH_COMPARATOR
2018-06,BIL_CASH,BIL Cash,0.001487544260208029,CASH_COMPARATOR
2018-07,BIL_CASH,BIL Cash,0.001388777156309251,CASH_COMPARATOR
2018-08,BIL_CASH,BIL Cash,0.0015852673674281448,CASH_COMPARATOR
2018-09,BIL_CASH,BIL Cash,0.0014002036004552298,CASH_COMPARATOR
2018-10,BIL_CASH,BIL Cash,0.0017053683630618988,CASH_COMPARATOR
2018-11,BIL_CASH,BIL Cash,0.0018593061382352616,CASH_COMPARATOR
2018-12,BIL_CASH,BIL Cash,7.672524291635341e-05,CASH_COMPARATOR
2019-01,BIL_CASH,BIL Cash,0.0017503051401090985,CASH_COMPARATOR
2019-02,BIL_CASH,BIL Cash,0.001847600049410758,CASH_COMPARATOR
2019-03,BIL_CASH,BIL Cash,0.0017497310849499126,CASH_COMPARATOR
2019-04,BIL_CASH,BIL Cash,0.0019251976389429437,CASH_COMPARATOR
2019-05,BIL_CASH,BIL Cash,0.002122420137660175,CASH_COMPARATOR
2019-06,BIL_CASH,BIL Cash,0.0018144959075059308,CASH_COMPARATOR
2019-07,BIL_CASH,BIL Cash,0.0018042316163759953,CASH_COMPARATOR
2019-08,BIL_CASH,BIL Cash,0.0016948877078852842,CASH_COMPARATOR
2019-09,BIL_CASH,BIL Cash,0.001618554615914869,CASH_COMPARATOR
2019-10,BIL_CASH,BIL Cash,0.001607487670930885,CASH_COMPARATOR
2019-11,BIL_CASH,BIL Cash,0.0010823609914485388,CASH_COMPARATOR
2019-12,BIL_CASH,BIL Cash,0.0011160096104052553,CASH_COMPARATOR
2020-01,BIL_CASH,BIL Cash,0.001202768050391212,CASH_COMPARATOR
2020-02,BIL_CASH,BIL Cash,0.0011814011952764325,CASH_COMPARATOR
2020-03,BIL_CASH,BIL Cash,0.0020447390790345743,CASH_COMPARATOR
2020-04,BIL_CASH,BIL Cash,-0.0001962831730542014,CASH_COMPARATOR
2020-05,BIL_CASH,BIL Cash,-0.0001748630563762621,CASH_COMPARATOR
2020-06,BIL_CASH,BIL Cash,0.0,CASH_COMPARATOR
2020-07,BIL_CASH,BIL Cash,0.00010950817453059258,CASH_COMPARATOR
2020-08,BIL_CASH,BIL Cash,0.0,CASH_COMPARATOR
2020-09,BIL_CASH,BIL Cash,-0.00021849329657785965,CASH_COMPARATOR
2020-10,BIL_CASH,BIL Cash,0.0001090209331164882,CASH_COMPARATOR
2020-11,BIL_CASH,BIL Cash,-0.00010900904884969531,CASH_COMPARATOR
2020-12,BIL_CASH,BIL Cash,3.2746214342127544e-05,CASH_COMPARATOR
2021-01,BIL_CASH,BIL Cash,-5.551115123125783e-16,CASH_COMPARATOR
2021-02,BIL_CASH,BIL Cash,-0.00010921702871224959,CASH_COMPARATOR
2021-03,BIL_CASH,BIL Cash,-0.00010942864568430632,CASH_COMPARATOR
2021-04,BIL_CASH,BIL Cash,-6.661338147750939e-16,CASH_COMPARATOR
2021-05,BIL_CASH,BIL Cash,-0.0001092409124595628,CASH_COMPARATOR
2021-06,BIL_CASH,BIL Cash,-0.00021840582918897233,CASH_COMPARATOR
2021-07,BIL_CASH,BIL Cash,-0.00010947648862558168,CASH_COMPARATOR
2021-08,BIL_CASH,BIL Cash,-0.00010888908557737942,CASH_COMPARATOR
2021-09,BIL_CASH,BIL Cash,0.00010890094370230585,CASH_COMPARATOR
2021-10,BIL_CASH,BIL Cash,-0.00010888908557782351,CASH_COMPARATOR
2021-11,BIL_CASH,BIL Cash,-0.00021910070599862053,CASH_COMPARATOR
2021-12,BIL_CASH,BIL Cash,-7.771561172376096e-16,CASH_COMPARATOR
2022-01,BIL_CASH,BIL Cash,0.0,CASH_COMPARATOR
2022-02,BIL_CASH,BIL Cash,-0.00021874899756679778,CASH_COMPARATOR
2022-03,BIL_CASH,BIL Cash,0.0004596833052894489,CASH_COMPARATOR
2022-04,BIL_CASH,BIL Cash,-0.00010989765231617099,CASH_COMPARATOR
2022-05,BIL_CASH,BIL Cash,0.0003289298499142834,CASH_COMPARATOR
2022-06,BIL_CASH,BIL Cash,0.000776206973876592,CASH_COMPARATOR
2022-07,BIL_CASH,BIL Cash,0.0003611039360527091,CASH_COMPARATOR
2022-08,BIL_CASH,BIL Cash,0.0019363668816609891,CASH_COMPARATOR
2022-09,BIL_CASH,BIL Cash,0.002068350463867885,CASH_COMPARATOR
2022-10,BIL_CASH,BIL Cash,0.0015855991504782896,CASH_COMPARATOR
2022-11,BIL_CASH,BIL Cash,0.0031514940576122807,CASH_COMPARATOR
2022-12,BIL_CASH,BIL Cash,0.0036260261682741213,CASH_COMPARATOR
2023-01,BIL_CASH,BIL Cash,0.0028424861209039864,CASH_COMPARATOR
2023-02,BIL_CASH,BIL Cash,0.0034575438477191245,CASH_COMPARATOR
2023-03,BIL_CASH,BIL Cash,0.003990996803206359,CASH_COMPARATOR
2023-04,BIL_CASH,BIL Cash,0.003630231760128666,CASH_COMPARATOR
2023-05,BIL_CASH,BIL Cash,0.003751704657660504,CASH_COMPARATOR
2023-06,BIL_CASH,BIL Cash,0.004606189798102012,CASH_COMPARATOR
2023-07,BIL_CASH,BIL Cash,0.0038605841070689095,CASH_COMPARATOR
2023-08,BIL_CASH,BIL Cash,0.00496673863502739,CASH_COMPARATOR
2023-09,BIL_CASH,BIL Cash,0.003990954791152301,CASH_COMPARATOR
2023-10,BIL_CASH,BIL Cash,0.004309464235842997,CASH_COMPARATOR
2023-11,BIL_CASH,BIL Cash,0.004681801592574919,CASH_COMPARATOR
2023-12,BIL_CASH,BIL Cash,-0.00033924703349752505,CASH_COMPARATOR
2024-01,BIL_CASH,BIL Cash,0.004267726398998306,CASH_COMPARATOR
2024-02,BIL_CASH,BIL Cash,0.004443331533684036,CASH_COMPARATOR
2024-03,BIL_CASH,BIL Cash,0.0041018607178902045,CASH_COMPARATOR
2024-04,BIL_CASH,BIL Cash,0.00432160875765919,CASH_COMPARATOR
2024-05,BIL_CASH,BIL Cash,0.0045732088665288995,CASH_COMPARATOR
2024-06,BIL_CASH,BIL Cash,0.003992679566743318,CASH_COMPARATOR
2024-07,BIL_CASH,BIL Cash,0.004508567101224825,CASH_COMPARATOR
2024-08,BIL_CASH,BIL Cash,0.004616803488178833,CASH_COMPARATOR
2024-09,BIL_CASH,BIL Cash,0.004222280187298422,CASH_COMPARATOR
2024-10,BIL_CASH,BIL Cash,0.00394830365730825,CASH_COMPARATOR
2024-11,BIL_CASH,BIL Cash,0.0037069765772377306,CASH_COMPARATOR
2024-12,BIL_CASH,BIL Cash,0.00403127143780857,CASH_COMPARATOR
2025-01,BIL_CASH,BIL Cash,0.003500099801361456,CASH_COMPARATOR
2025-02,BIL_CASH,BIL Cash,0.0032374795411382884,CASH_COMPARATOR
2025-03,BIL_CASH,BIL Cash,0.00327048006912678,CASH_COMPARATOR
2025-04,BIL_CASH,BIL Cash,0.0034020227952231696,CASH_COMPARATOR
2025-05,BIL_CASH,BIL Cash,0.003632181567328141,CASH_COMPARATOR
2025-06,BIL_CASH,BIL Cash,0.0033469747471333022,CASH_COMPARATOR
2025-07,BIL_CASH,BIL Cash,0.003565766195388509,CASH_COMPARATOR
2025-08,BIL_CASH,BIL Cash,0.0037078027279171533,CASH_COMPARATOR
2025-09,BIL_CASH,BIL Cash,0.003302473716152665,CASH_COMPARATOR
2025-10,BIL_CASH,BIL Cash,0.003510489578276932,CASH_COMPARATOR
2025-11,BIL_CASH,BIL Cash,0.0028757590665371424,CASH_COMPARATOR
2025-12,BIL_CASH,BIL Cash,0.0033517812884877873,CASH_COMPARATOR
2026-01,BIL_CASH,BIL Cash,0.0029547894837849142,CASH_COMPARATOR
2026-02,BIL_CASH,BIL Cash,0.002670388420289438,CASH_COMPARATOR
2026-03,BIL_CASH,BIL Cash,0.002878148902270894,CASH_COMPARATOR
2026-04,BIL_CASH,BIL Cash,0.002889096317290729,CASH_COMPARATOR
2026-05,BIL_CASH,BIL Cash,0.00317398629509813,CASH_COMPARATOR
2026-06,BIL_CASH,BIL Cash,0.002724418147796115,CASH_COMPARATOR
2026-07,BIL_CASH,BIL Cash,0.0033709328586797316,CASH_COMPARATOR
2026-08,BIL_CASH,BIL Cash,0.0027678372691364306,CASH_COMPARATOR
2026-09,BIL_CASH,BIL Cash,0.002845184612960683,CASH_COMPARATOR
