year,series_id,display_name,annual_return,months_observed,series_role
2017,PDS_ACTIVE_CORE,PDS Core,0.10335511998841329,8,ACTIVE_CORE
2018,PDS_ACTIVE_CORE,PDS Core,0.0025926297554277333,12,ACTIVE_CORE
2019,PDS_ACTIVE_CORE,PDS Core,0.1433703549571721,12,ACTIVE_CORE
2020,PDS_ACTIVE_CORE,PDS Core,0.2825175569239464,12,ACTIVE_CORE
2021,PDS_ACTIVE_CORE,PDS Core,0.13743405285968624,12,ACTIVE_CORE
2022,PDS_ACTIVE_CORE,PDS Core,-0.08082843008518337,12,ACTIVE_CORE
2023,PDS_ACTIVE_CORE,PDS Core,0.13631159814607097,12,ACTIVE_CORE
2024,PDS_ACTIVE_CORE,PDS Core,0.09900688613076758,12,ACTIVE_CORE
2025,PDS_ACTIVE_CORE,PDS Core,0.2273495451061882,12,ACTIVE_CORE
2026,PDS_ACTIVE_CORE,PDS Core,0.18768268075110073,9,ACTIVE_CORE
2017,ADAA,ADAA,0.09854754803897592,8,CORE_STRATEGY
2018,ADAA,ADAA,0.013958279432177534,12,CORE_STRATEGY
2019,ADAA,ADAA,0.12912027571215545,12,CORE_STRATEGY
2020,ADAA,ADAA,0.26532238354912074,12,CORE_STRATEGY
2021,ADAA,ADAA,0.12959673600192634,12,CORE_STRATEGY
2022,ADAA,ADAA,-0.07432813724287413,12,CORE_STRATEGY
2023,ADAA,ADAA,0.12076842207193228,12,CORE_STRATEGY
2024,ADAA,ADAA,0.09004529100190384,12,CORE_STRATEGY
2025,ADAA,ADAA,0.22007808770776838,12,CORE_STRATEGY
2026,ADAA,ADAA,0.18378205803922376,9,CORE_STRATEGY
2017,F2R,F2R,0.1472748680261038,8,CORE_STRATEGY
2018,F2R,F2R,-0.09892181487128471,12,CORE_STRATEGY
2019,F2R,F2R,0.27670948397440975,12,CORE_STRATEGY
2020,F2R,F2R,0.43827590947406203,12,CORE_STRATEGY
2021,F2R,F2R,0.20922779177780781,12,CORE_STRATEGY
2022,F2R,F2R,-0.1438532190727837,12,CORE_STRATEGY
2023,F2R,F2R,0.2754727150166456,12,CORE_STRATEGY
2024,F2R,F2R,0.18028848947747522,12,CORE_STRATEGY
2025,F2R,F2R,0.29364450671864883,12,CORE_STRATEGY
2026,F2R,F2R,0.21994778264742365,9,CORE_STRATEGY
2017,SPY_AGG_60_40,60/40,0.08858883241114612,8,REFERENCE
2018,SPY_AGG_60_40,60/40,-0.02331261711256305,12,REFERENCE
2019,SPY_AGG_60_40,60/40,0.21931489698150042,12,REFERENCE
2020,SPY_AGG_60_40,60/40,0.1465537379809665,12,REFERENCE
2021,SPY_AGG_60_40,60/40,0.1576754230405526,12,REFERENCE
2022,SPY_AGG_60_40,60/40,-0.1591136348163431,12,REFERENCE
2023,SPY_AGG_60_40,60/40,0.1752410468904908,12,REFERENCE
2024,SPY_AGG_60_40,60/40,0.14851570135165693,12,REFERENCE
2025,SPY_AGG_60_40,60/40,0.1355927170665665,12,REFERENCE
2026,SPY_AGG_60_40,60/40,0.06430094033514067,9,REFERENCE
2017,BIL_CASH,BIL Cash,0.005373037843796835,8,CASH_COMPARATOR
2018,BIL_CASH,BIL Cash,0.015595552445912375,12,CASH_COMPARATOR
2019,BIL_CASH,BIL Cash,0.020319276324178848,12,CASH_COMPARATOR
2020,BIL_CASH,BIL Cash,0.00398557119788312,12,CASH_COMPARATOR
2021,BIL_CASH,BIL Cash,-0.0009836520876557175,12,CASH_COMPARATOR
2022,BIL_CASH,BIL Cash,0.014045608530113718,12,CASH_COMPARATOR
2023,BIL_CASH,BIL Cash,0.04462712410607028,12,CASH_COMPARATOR
2024,BIL_CASH,BIL Cash,0.051930505411095895,12,CASH_COMPARATOR
2025,BIL_CASH,BIL Cash,0.041471036359474134,12,CASH_COMPARATOR
2026,BIL_CASH,BIL Cash,0.026583505481054814,9,CASH_COMPARATOR
2021,PDS_CORE_COMMON_ADAPTIVE,PDS Core · common support,0.0618807335296796,8,VARIANT_COMMON_SUPPORT
2022,PDS_CORE_COMMON_ADAPTIVE,PDS Core · common support,-0.08082843008518326,12,VARIANT_COMMON_SUPPORT
2023,PDS_CORE_COMMON_ADAPTIVE,PDS Core · common support,0.13631159814607052,12,VARIANT_COMMON_SUPPORT
2024,PDS_CORE_COMMON_ADAPTIVE,PDS Core · common support,0.09900688613076514,12,VARIANT_COMMON_SUPPORT
2025,PDS_CORE_COMMON_ADAPTIVE,PDS Core · common support,0.22734954510618732,12,VARIANT_COMMON_SUPPORT
2026,PDS_CORE_COMMON_ADAPTIVE,PDS Core · common support,0.19360967268425333,8,VARIANT_COMMON_SUPPORT
2021,PDS_ADAPTIVE,PDS Adaptive · USD,0.06702360413156372,8,VARIANT_COMMON_SUPPORT
2022,PDS_ADAPTIVE,PDS Adaptive · USD,-0.09077960501218829,12,VARIANT_COMMON_SUPPORT
2023,PDS_ADAPTIVE,PDS Adaptive · USD,0.1596125242396198,12,VARIANT_COMMON_SUPPORT
2024,PDS_ADAPTIVE,PDS Adaptive · USD,0.11310306655004965,12,VARIANT_COMMON_SUPPORT
2025,PDS_ADAPTIVE,PDS Adaptive · USD,0.23829250991637374,12,VARIANT_COMMON_SUPPORT
2026,PDS_ADAPTIVE,PDS Adaptive · USD,0.24248479413175672,8,VARIANT_COMMON_SUPPORT
