signal_period,holding_month,series_id,display_name,net_return,cumulative_wealth,drawdown,series_role
2017-04,2017-05,PDS_ACTIVE_CORE,PDS Core,0.02966882320641595,1.029668823206416,0.0,ACTIVE_CORE
2017-05,2017-06,PDS_ACTIVE_CORE,PDS Core,-0.004776392775500793,1.0247507204780943,-0.004776392775500904,ACTIVE_CORE
2017-06,2017-07,PDS_ACTIVE_CORE,PDS Core,0.020667402203414786,1.0459296557764541,0.0,ACTIVE_CORE
2017-07,2017-08,PDS_ACTIVE_CORE,PDS Core,0.010098892741538412,1.0564923871853347,0.0,ACTIVE_CORE
2017-08,2017-09,PDS_ACTIVE_CORE,PDS Core,0.0023368372008485405,1.0589612378981226,0.0,ACTIVE_CORE
2017-09,2017-10,PDS_ACTIVE_CORE,PDS Core,0.019897339834159755,1.080031749519784,0.0,ACTIVE_CORE
2017-10,2017-11,PDS_ACTIVE_CORE,PDS Core,0.008995513471973249,1.089747189672748,0.0,ACTIVE_CORE
2017-11,2017-12,PDS_ACTIVE_CORE,PDS Core,0.012487203792212132,1.103355084912182,0.0,ACTIVE_CORE
2017-12,2018-01,PDS_ACTIVE_CORE,PDS Core,0.05378723515779393,1.1627015043269013,0.0,ACTIVE_CORE
2018-01,2018-02,PDS_ACTIVE_CORE,PDS Core,-0.0382125179598245,1.1182717522108947,-0.0382125179598245,ACTIVE_CORE
2018-02,2018-03,PDS_ACTIVE_CORE,PDS Core,-0.006031770922812818,1.1115265931721061,-0.044013799727919745,ACTIVE_CORE
2018-03,2018-04,PDS_ACTIVE_CORE,PDS Core,0.006470702507939796,1.1187189510861866,-0.0378278974242634,ACTIVE_CORE
2018-04,2018-05,PDS_ACTIVE_CORE,PDS Core,0.009902257288365801,1.1297967939732128,-0.028300221708870477,ACTIVE_CORE
2018-05,2018-06,PDS_ACTIVE_CORE,PDS Core,-0.0026961864048627993,1.1267506512170447,-0.030920105440707224,ACTIVE_CORE
2018-06,2018-07,PDS_ACTIVE_CORE,PDS Core,0.008622517475191716,1.1364660783973473,-0.022564197115012785,ACTIVE_CORE
2018-07,2018-08,PDS_ACTIVE_CORE,PDS Core,0.024559129060546914,1.1643766954896413,0.0,ACTIVE_CORE
2018-08,2018-09,PDS_ACTIVE_CORE,PDS Core,-0.0031835397255105535,1.1606698560240913,-0.0031835397255105535,ACTIVE_CORE
2018-09,2018-10,PDS_ACTIVE_CORE,PDS Core,-0.03632629188113079,1.1185070240565302,-0.03939418541335715,ACTIVE_CORE
2018-10,2018-11,PDS_ACTIVE_CORE,PDS Core,0.00367488423119422,1.1226174078817155,-0.03586407025293925,ACTIVE_CORE
2018-11,2018-12,PDS_ACTIVE_CORE,PDS Core,-0.014610134307198486,1.1062158167769647,-0.04995022567693952,ACTIVE_CORE
2018-12,2019-01,PDS_ACTIVE_CORE,PDS Core,0.01998804268293708,1.1283269057392427,-0.03096059023685549,ACTIVE_CORE
2019-01,2019-02,PDS_ACTIVE_CORE,PDS Core,0.0026675152061141905,1.1313367349177699,-0.02837566287598836,ACTIVE_CORE
2019-02,2019-03,PDS_ACTIVE_CORE,PDS Core,0.017334294014237805,1.1509476585099423,-0.011533240944891832,ACTIVE_CORE
2019-03,2019-04,PDS_ACTIVE_CORE,PDS Core,0.017079610857050342,1.1706053966341254,0.0,ACTIVE_CORE
2019-04,2019-05,PDS_ACTIVE_CORE,PDS Core,-0.036472775942673064,1.1279101682854051,-0.03647277594267295,ACTIVE_CORE
2019-05,2019-06,PDS_ACTIVE_CORE,PDS Core,0.03418070799639694,1.1664629363937355,-0.003538733250590509,ACTIVE_CORE
2019-06,2019-07,PDS_ACTIVE_CORE,PDS Core,0.005419948629797888,1.172785105587553,0.0,ACTIVE_CORE
2019-07,2019-08,PDS_ACTIVE_CORE,PDS Core,0.030780719976933657,1.2088842755157618,0.0,ACTIVE_CORE
2019-08,2019-09,PDS_ACTIVE_CORE,PDS Core,-0.006705711847926454,1.2007778459066638,-0.006705711847926454,ACTIVE_CORE
2019-09,2019-10,PDS_ACTIVE_CORE,PDS Core,0.01618888897049553,1.2202171051322777,0.0,ACTIVE_CORE
2019-10,2019-11,PDS_ACTIVE_CORE,PDS Core,0.009057178024890922,1.2312688286824778,0.0,ACTIVE_CORE
2019-11,2019-12,PDS_ACTIVE_CORE,PDS Core,0.02724549138931809,1.264815352952282,0.0,ACTIVE_CORE
2019-12,2020-01,PDS_ACTIVE_CORE,PDS Core,0.002138884697216792,1.2675206471555165,0.0,ACTIVE_CORE
2020-01,2020-02,PDS_ACTIVE_CORE,PDS Core,-0.0107096726467103,1.2539459159515345,-0.0107096726467103,ACTIVE_CORE
2020-02,2020-03,PDS_ACTIVE_CORE,PDS Core,-0.02227080223514677,1.2260195344438078,-0.032741961880339066,ACTIVE_CORE
2020-03,2020-04,PDS_ACTIVE_CORE,PDS Core,0.060629107569922125,1.3003520046804273,0.0,ACTIVE_CORE
2020-04,2020-05,PDS_ACTIVE_CORE,PDS Core,0.02164270245473987,1.3284951362041504,0.0,ACTIVE_CORE
2020-05,2020-06,PDS_ACTIVE_CORE,PDS Core,0.025265027848110577,1.3620596028164278,0.0,ACTIVE_CORE
2020-06,2020-07,PDS_ACTIVE_CORE,PDS Core,0.058765310512086666,1.4421014583119045,0.0,ACTIVE_CORE
2020-07,2020-08,PDS_ACTIVE_CORE,PDS Core,0.043750547537088735,1.5051941867170844,0.0,ACTIVE_CORE
2020-08,2020-09,PDS_ACTIVE_CORE,PDS Core,-0.031136440757485784,1.458327797093856,-0.031136440757485784,ACTIVE_CORE
2020-09,2020-10,PDS_ACTIVE_CORE,PDS Core,-0.01722625023582891,1.433206277535252,-0.04782632687337307,ACTIVE_CORE
2020-10,2020-11,PDS_ACTIVE_CORE,PDS Core,0.07480600064521914,1.5404187072572864,0.0,ACTIVE_CORE
2020-11,2020-12,PDS_ACTIVE_CORE,PDS Core,0.05305617857756162,1.6221474372737457,0.0,ACTIVE_CORE
2020-12,2021-01,PDS_ACTIVE_CORE,PDS Core,0.0050082318898379,1.6302715277991189,0.0,ACTIVE_CORE
2021-01,2021-02,PDS_ACTIVE_CORE,PDS Core,0.013774171453378559,1.6527271673385853,0.0,ACTIVE_CORE
2021-02,2021-03,PDS_ACTIVE_CORE,PDS Core,0.012107231884997294,1.6727371183961883,0.0,ACTIVE_CORE
2021-03,2021-04,PDS_ACTIVE_CORE,PDS Core,0.03875506413551544,1.7375641527014898,0.0,ACTIVE_CORE
2021-04,2021-05,PDS_ACTIVE_CORE,PDS Core,0.016615101082448458,1.766433956735864,0.0,ACTIVE_CORE
2021-05,2021-06,PDS_ACTIVE_CORE,PDS Core,0.00982655766002094,1.7837919218643479,0.0,ACTIVE_CORE
2021-06,2021-07,PDS_ACTIVE_CORE,PDS Core,0.010552028119431789,1.8026145443830757,0.0,ACTIVE_CORE
2021-07,2021-08,PDS_ACTIVE_CORE,PDS Core,0.011417184561598015,1.8231953273297181,0.0,ACTIVE_CORE
2021-08,2021-09,PDS_ACTIVE_CORE,PDS Core,-0.039950505619515075,1.7503577521597586,-0.039950505619515075,ACTIVE_CORE
2021-09,2021-10,PDS_ACTIVE_CORE,PDS Core,0.04422254858447938,1.8277630328948637,0.0,ACTIVE_CORE
2021-10,2021-11,PDS_ACTIVE_CORE,PDS Core,-0.016192595708285573,1.7981668050526474,-0.016192595708285573,ACTIVE_CORE
2021-11,2021-12,PDS_ACTIVE_CORE,PDS Core,0.02609262809813373,1.8450857027552954,0.0,ACTIVE_CORE
2021-12,2022-01,PDS_ACTIVE_CORE,PDS Core,-0.03526910768766822,1.7800111764118418,-0.03526910768766822,ACTIVE_CORE
2022-01,2022-02,PDS_ACTIVE_CORE,PDS Core,0.0033981725469462987,1.786059961524782,-0.03199078565422153,ACTIVE_CORE
2022-02,2022-03,PDS_ACTIVE_CORE,PDS Core,0.02073872686689393,1.8231005712347397,-0.011915506953267818,ACTIVE_CORE
2022-03,2022-04,PDS_ACTIVE_CORE,PDS Core,-0.022489227348558183,1.7821004480089553,-0.034136763756980604,ACTIVE_CORE
2022-04,2022-05,PDS_ACTIVE_CORE,PDS Core,-0.001260822075706436,1.7798535364229793,-0.03535454544734906,ACTIVE_CORE
2022-05,2022-06,PDS_ACTIVE_CORE,PDS Core,-0.025658415504478227,1.7341853148483235,-0.06010581933476722,ACTIVE_CORE
2022-06,2022-07,PDS_ACTIVE_CORE,PDS Core,0.016153665453324306,1.7621987642584511,-0.0449230831787748,ACTIVE_CORE
2022-07,2022-08,PDS_ACTIVE_CORE,PDS Core,-0.018382948766522467,1.7298043546586588,-0.062480213208787605,ACTIVE_CORE
2022-08,2022-09,PDS_ACTIVE_CORE,PDS Core,-0.03155866440624733,1.675214039541521,-0.09206708553434806,ACTIVE_CORE
2022-09,2022-10,PDS_ACTIVE_CORE,PDS Core,0.012670424663322688,1.6964397128244721,-0.08056318994226008,ACTIVE_CORE
2022-10,2022-11,PDS_ACTIVE_CORE,PDS Core,0.02077279890273731,1.7316795138295924,-0.061463913983156315,ACTIVE_CORE
2022-11,2022-12,PDS_ACTIVE_CORE,PDS Core,-0.020632872794119073,1.6959499907005644,-0.08082860965863226,ACTIVE_CORE
2022-12,2023-01,PDS_ACTIVE_CORE,PDS Core,0.04439229091033936,1.771237096057131,-0.04002448590213725,ACTIVE_CORE
2023-01,2023-02,PDS_ACTIVE_CORE,PDS Core,-0.03111893271661459,1.7161180880397575,-0.06989789933494606,ACTIVE_CORE
2023-02,2023-03,PDS_ACTIVE_CORE,PDS Core,0.025601251856602447,1.7600528594273344,-0.046086121203465,ACTIVE_CORE
2023-03,2023-04,PDS_ACTIVE_CORE,PDS Core,0.00872724075477982,1.7754132644726954,-0.037761085123881766,ACTIVE_CORE
2023-04,2023-05,PDS_ACTIVE_CORE,PDS Core,0.006973701858927761,1.7877944672555137,-0.031050717814477546,ACTIVE_CORE
2023-05,2023-06,PDS_ACTIVE_CORE,PDS Core,0.02207374812358398,1.8272577920224489,-0.009662375414986824,ACTIVE_CORE
2023-06,2023-07,PDS_ACTIVE_CORE,PDS Core,0.02102707747994992,1.865679683191147,0.0,ACTIVE_CORE
2023-07,2023-08,PDS_ACTIVE_CORE,PDS Core,-0.01707948037263718,1.833814843660456,-0.01707948037263718,ACTIVE_CORE
2023-08,2023-09,PDS_ACTIVE_CORE,PDS Core,-0.023579909539490296,1.790573655534768,-0.04025665730995909,ACTIVE_CORE
2023-09,2023-10,PDS_ACTIVE_CORE,PDS Core,-0.005612617070240633,1.7805238512701904,-0.04564332917819103,ACTIVE_CORE
2023-10,2023-11,PDS_ACTIVE_CORE,PDS Core,0.036203284166321126,1.8449846622226376,-0.011092483428404853,ACTIVE_CORE
2023-11,2023-12,PDS_ACTIVE_CORE,PDS Core,0.04452240936940233,1.9271278246343824,0.0,ACTIVE_CORE
2023-12,2024-01,PDS_ACTIVE_CORE,PDS Core,-0.011371657413703828,1.9052131872202238,-0.011371657413703828,ACTIVE_CORE
2024-01,2024-02,PDS_ACTIVE_CORE,PDS Core,0.02320315408868212,1.9494201423750839,0.0,ACTIVE_CORE
2024-02,2024-03,PDS_ACTIVE_CORE,PDS Core,0.02721716256413642,2.0024778272959085,0.0,ACTIVE_CORE
2024-03,2024-04,PDS_ACTIVE_CORE,PDS Core,-0.033661535790750596,1.9350713482422028,-0.033661535790750596,ACTIVE_CORE
2024-04,2024-05,PDS_ACTIVE_CORE,PDS Core,0.021886139792676174,1.977422590278634,-0.012512117076026952,ACTIVE_CORE
2024-05,2024-06,PDS_ACTIVE_CORE,PDS Core,0.025374470565207252,2.027598641590635,0.0,ACTIVE_CORE
2024-06,2024-07,PDS_ACTIVE_CORE,PDS Core,0.008444477594168331,2.0447206528895134,0.0,ACTIVE_CORE
2024-07,2024-08,PDS_ACTIVE_CORE,PDS Core,0.01656412943136698,2.0785896704349645,0.0,ACTIVE_CORE
2024-08,2024-09,PDS_ACTIVE_CORE,PDS Core,0.02627400497997745,2.1332025457873023,0.0,ACTIVE_CORE
2024-09,2024-10,PDS_ACTIVE_CORE,PDS Core,-0.010298692110457752,2.111233349558994,-0.010298692110457752,ACTIVE_CORE
2024-10,2024-11,PDS_ACTIVE_CORE,PDS Core,0.025891560277969683,2.1658964750899607,0.0,ACTIVE_CORE
2024-11,2024-12,PDS_ACTIVE_CORE,PDS Core,-0.022147750498061503,2.1179267403550375,-0.022147750498061503,ACTIVE_CORE
2024-12,2025-01,PDS_ACTIVE_CORE,PDS Core,0.0189953114462591,2.1581574184084418,-0.0035731424703471237,ACTIVE_CORE
2025-01,2025-02,PDS_ACTIVE_CORE,PDS Core,-0.0029412232842743746,2.1518097955582896,-0.00650385634478956,ACTIVE_CORE
2025-02,2025-03,PDS_ACTIVE_CORE,PDS Core,-0.017649297051548163,2.1138318652780503,-0.024038364903727905,ACTIVE_CORE
2025-03,2025-04,PDS_ACTIVE_CORE,PDS Core,0.0028328643993498215,2.119820064315408,-0.021273597932532362,ACTIVE_CORE
2025-04,2025-05,PDS_ACTIVE_CORE,PDS Core,0.0165736734883688,2.1549532699154645,-0.005052506110220123,ACTIVE_CORE
2025-05,2025-06,PDS_ACTIVE_CORE,PDS Core,0.038937898407086946,2.2388626214114526,0.0,ACTIVE_CORE
2025-06,2025-07,PDS_ACTIVE_CORE,PDS Core,0.0021595553427817826,2.243697569147276,0.0,ACTIVE_CORE
2025-07,2025-08,PDS_ACTIVE_CORE,PDS Core,0.02367799570917062,2.296823830562222,0.0,ACTIVE_CORE
2025-08,2025-09,PDS_ACTIVE_CORE,PDS Core,0.06420615921262596,2.4442940671106532,0.0,ACTIVE_CORE
2025-09,2025-10,PDS_ACTIVE_CORE,PDS Core,0.043872001505662395,2.5515301401032136,0.0,ACTIVE_CORE
2025-10,2025-11,PDS_ACTIVE_CORE,PDS Core,-0.0005256318292036211,2.5501889746484028,-0.0005256318292037321,ACTIVE_CORE
2025-11,2025-12,PDS_ACTIVE_CORE,PDS Core,0.019311241976111004,2.5994362910226485,0.0,ACTIVE_CORE
2025-12,2026-01,PDS_ACTIVE_CORE,PDS Core,0.07604030082210067,2.797098208559896,0.0,ACTIVE_CORE
2026-01,2026-02,PDS_ACTIVE_CORE,PDS Core,0.05724477231840841,2.9572174586611353,0.0,ACTIVE_CORE
2026-02,2026-03,PDS_ACTIVE_CORE,PDS Core,-0.07289478793511384,2.7416517191340155,-0.07289478793511384,ACTIVE_CORE
2026-03,2026-04,PDS_ACTIVE_CORE,PDS Core,0.0848285079920621,2.9742219439020263,0.0,ACTIVE_CORE
2026-04,2026-05,PDS_ACTIVE_CORE,PDS Core,0.06520331277057889,3.168151067559389,0.0,ACTIVE_CORE
2026-05,2026-06,PDS_ACTIVE_CORE,PDS Core,-0.02181115796229849,3.0990500241764267,-0.02181115796229849,ACTIVE_CORE
2026-06,2026-07,PDS_ACTIVE_CORE,PDS Core,-0.04612361883758587,2.956110622102702,-0.06692876726362484,ACTIVE_CORE
2026-07,2026-08,PDS_ACTIVE_CORE,PDS Core,0.04959273923979102,3.102712245348618,-0.02065520892637951,ACTIVE_CORE
2017-04,2017-05,ADAA,ADAA,0.02850759069597042,1.0285075906959704,0.0,CORE_STRATEGY
2017-05,2017-06,ADAA,ADAA,-0.0053981329618152385,1.0229555699691573,-0.0053981329618153495,CORE_STRATEGY
2017-06,2017-07,ADAA,ADAA,0.02098978398930673,1.044427186413468,0.0,CORE_STRATEGY
2017-07,2017-08,ADAA,ADAA,0.010174302590352013,1.0550535046416285,0.0,CORE_STRATEGY
2017-08,2017-09,ADAA,ADAA,0.002538953714815495,1.0577322366565676,0.0,CORE_STRATEGY
2017-09,2017-10,ADAA,ADAA,0.01801485976511219,1.0767871345689741,0.0,CORE_STRATEGY
2017-10,2017-11,ADAA,ADAA,0.007366282916725142,1.0847190532432989,0.0,CORE_STRATEGY
2017-11,2017-12,ADAA,ADAA,0.012748422020059103,1.0985475095072434,0.0,CORE_STRATEGY
2017-12,2018-01,ADAA,ADAA,0.0538333095139214,1.1576859576022944,0.0,CORE_STRATEGY
2018-01,2018-02,ADAA,ADAA,-0.03767808009954132,1.114066573361641,-0.03767808009954121,CORE_STRATEGY
2018-02,2018-03,ADAA,ADAA,-0.006811040126819434,1.1064786212265267,-0.04423249331090118,CORE_STRATEGY
2018-03,2018-04,ADAA,ADAA,0.007648834495445289,1.114941893073037,-0.036921985836111726,CORE_STRATEGY
2018-04,2018-05,ADAA,ADAA,0.008570736453980432,1.1244977662000681,-0.028667697992090124,CORE_STRATEGY
2018-05,2018-06,ADAA,ADAA,-0.0019607876536101854,1.1222928648635908,-0.03057227437742005,CORE_STRATEGY
2018-06,2018-07,ADAA,ADAA,0.0074724192509076914,1.1306791076721538,-0.02332830397811425,CORE_STRATEGY
2018-07,2018-08,ADAA,ADAA,0.023582867374853267,1.1573437631119037,-0.00029558490205705557,CORE_STRATEGY
2018-08,2018-09,ADAA,ADAA,-0.0033717035825070463,1.153441542999627,-0.00366629185989098,CORE_STRATEGY
2018-09,2018-10,ADAA,ADAA,-0.028906733393786244,1.1200993158308192,-0.032467044732339634,CORE_STRATEGY
2018-10,2018-11,ADAA,ADAA,0.002172702088520939,1.1225329579536758,-0.030364883859716696,CORE_STRATEGY
2018-11,2018-12,ADAA,ADAA,-0.007707079159019914,1.113881507588118,-0.03783793845517536,CORE_STRATEGY
2018-12,2019-01,ADAA,ADAA,0.014907115095122325,1.1304862674240626,-0.02349487786356641,CORE_STRATEGY
2019-01,2019-02,ADAA,ADAA,-0.00035131709719149473,1.1300891082701763,-0.023837940808468017,CORE_STRATEGY
2019-02,2019-03,ADAA,ADAA,0.019272251645474636,1.151868469946569,-0.005025099956964207,CORE_STRATEGY
2019-03,2019-04,ADAA,ADAA,0.015182668384947196,1.1693569069488443,0.0,CORE_STRATEGY
2019-04,2019-05,ADAA,ADAA,-0.035785594832639545,1.1275107744620243,-0.035785594832639656,CORE_STRATEGY
2019-05,2019-06,ADAA,ADAA,0.03166011060949092,1.1632078902948848,-0.005258460113776509,CORE_STRATEGY
2019-06,2019-07,ADAA,ADAA,0.0046635094796101395,1.1686325213180324,-0.0006194735127549311,CORE_STRATEGY
2019-07,2019-08,ADAA,ADAA,0.033576706397898004,1.2078713523733633,0.0,CORE_STRATEGY
2019-08,2019-09,ADAA,ADAA,-0.00813724723595377,1.1980426045498753,-0.008137247235953882,CORE_STRATEGY
2019-09,2019-10,ADAA,ADAA,0.01483442018271397,1.2158148719425612,0.0,CORE_STRATEGY
2019-10,2019-11,ADAA,ADAA,0.006858795369265591,1.224153897356125,0.0,CORE_STRATEGY
2019-11,2019-12,ADAA,ADAA,0.02740944248249,1.2577072731954237,0.0,CORE_STRATEGY
2019-12,2020-01,ADAA,ADAA,0.0009676991931362178,1.2589243555088965,0.0,CORE_STRATEGY
2020-01,2020-02,ADAA,ADAA,-0.010129351515170915,1.2461722681809368,-0.010129351515170915,CORE_STRATEGY
2020-02,2020-03,ADAA,ADAA,-0.018787935250558996,1.2227592642953111,-0.02872697716533279,CORE_STRATEGY
2020-03,2020-04,ADAA,ADAA,0.04827776008716067,1.2817913427013132,0.0,CORE_STRATEGY
2020-04,2020-05,ADAA,ADAA,0.019100727375284343,1.3062744896902507,0.0,CORE_STRATEGY
2020-05,2020-06,ADAA,ADAA,0.024175934507068675,1.3378548962012569,0.0,CORE_STRATEGY
2020-06,2020-07,ADAA,ADAA,0.059785785301844196,1.4178396017905663,0.0,CORE_STRATEGY
2020-07,2020-08,ADAA,ADAA,0.04199957675689303,1.477388264974932,0.0,CORE_STRATEGY
2020-08,2020-09,ADAA,ADAA,-0.029833608788089272,1.4333124414495557,-0.029833608788089383,CORE_STRATEGY
2020-09,2020-10,ADAA,ADAA,-0.016916023996252694,1.4090664937958675,-0.04624496674218792,CORE_STRATEGY
2020-10,2020-11,ADAA,ADAA,0.07296677815376418,1.5118815360525728,0.0,CORE_STRATEGY
2020-11,2020-12,ADAA,ADAA,0.05259878323583145,1.591404665245658,0.0,CORE_STRATEGY
2020-12,2021-01,ADAA,ADAA,0.0036283208087326546,1.597178791907683,0.0,CORE_STRATEGY
2021-01,2021-02,ADAA,ADAA,0.013298368508372072,1.618418664056228,0.0,CORE_STRATEGY
2021-02,2021-03,ADAA,ADAA,0.010595946160909309,1.6355673410863785,0.0,CORE_STRATEGY
2021-03,2021-04,ADAA,ADAA,0.03840573180297624,1.698382501733849,0.0,CORE_STRATEGY
2021-04,2021-05,ADAA,ADAA,0.015670817992381236,1.7249975447999653,0.0,CORE_STRATEGY
2021-05,2021-06,ADAA,ADAA,0.01008177557359935,1.7423885829116483,0.0,CORE_STRATEGY
2021-06,2021-07,ADAA,ADAA,0.011008369133958418,1.7615694396071344,0.0,CORE_STRATEGY
2021-07,2021-08,ADAA,ADAA,0.010534900486738774,1.7801273983538757,0.0,CORE_STRATEGY
2021-08,2021-09,ADAA,ADAA,-0.03831068007112315,1.7119295071096996,-0.03831068007112315,CORE_STRATEGY
2021-09,2021-10,ADAA,ADAA,0.04270568778495343,1.7850386341501756,0.0,CORE_STRATEGY
2021-10,2021-11,ADAA,ADAA,-0.016567224205131237,1.7554654988833884,-0.016567224205131237,CORE_STRATEGY
2021-11,2021-12,ADAA,ADAA,0.02402780497300472,1.797645481527397,0.0,CORE_STRATEGY
2021-12,2022-01,ADAA,ADAA,-0.03492653511543464,1.734859953491728,-0.03492653511543464,CORE_STRATEGY
2022-01,2022-02,ADAA,ADAA,0.005220134235093266,1.7439161553280424,-0.029888722082010655,CORE_STRATEGY
2022-02,2022-03,ADAA,ADAA,0.01628285105620031,1.7723120823397505,-0.01409254463573184,CORE_STRATEGY
2022-03,2022-04,ADAA,ADAA,-0.021285419667903205,1.7345876758846535,-0.03507799857687488,CORE_STRATEGY
2022-04,2022-05,ADAA,ADAA,-0.0004909581034060473,1.7337360660091097,-0.0355517348526283,CORE_STRATEGY
2022-05,2022-06,ADAA,ADAA,-0.01991692696690539,1.6992053714025164,-0.05476058051292709,CORE_STRATEGY
2022-06,2022-07,ADAA,ADAA,0.01023624851484306,1.7165988598619488,-0.04508487490903135,CORE_STRATEGY
2022-07,2022-08,ADAA,ADAA,-0.015039741558601438,1.6907816566498353,-0.05944655160079915,CORE_STRATEGY
2022-08,2022-09,ADAA,ADAA,-0.023348760131091773,1.6513040013146683,-0.0814073084579433,CORE_STRATEGY
2022-09,2022-10,ADAA,ADAA,0.006876213037666723,1.6626587194176594,-0.07509086941605636,CORE_STRATEGY
2022-10,2022-11,ADAA,ADAA,0.0183195518783259,1.693117882083982,-0.05814694861558656,CORE_STRATEGY
2022-11,2022-12,ADAA,ADAA,-0.01718037423414165,1.664029483247262,-0.07432833651193904,CORE_STRATEGY
2022-12,2023-01,ADAA,ADAA,0.037460838001715624,1.7263654221492661,-0.039651900283234176,CORE_STRATEGY
2023-01,2023-02,ADAA,ADAA,-0.03075920661573006,1.6732637914351247,-0.06919144590544601,CORE_STRATEGY
2023-02,2023-03,ADAA,ADAA,0.026640078749956997,1.717839670608408,-0.04439463272323352,CORE_STRATEGY
2023-03,2023-04,ADAA,ADAA,0.008954179858569278,1.733221515987221,-0.03583797039082315,CORE_STRATEGY
2023-04,2023-05,ADAA,ADAA,0.006772874724374933,1.7449604081845937,-0.029307821750281127,CORE_STRATEGY
2023-05,2023-06,ADAA,ADAA,0.01856057908535602,1.777347883841519,-0.011291212808340667,CORE_STRATEGY
2023-06,2023-07,ADAA,ADAA,0.01788223752045015,1.8091308408568425,0.0,CORE_STRATEGY
2023-07,2023-08,ADAA,ADAA,-0.014599773308398567,1.7827179406951001,-0.014599773308398567,CORE_STRATEGY
2023-08,2023-09,ADAA,ADAA,-0.020274628654437077,1.7465739964519043,-0.03457839698056886,CORE_STRATEGY
2023-09,2023-10,ADAA,ADAA,-0.001244130336405913,1.7444010307581408,-0.0357795072843069,CORE_STRATEGY
2023-10,2023-11,ADAA,ADAA,0.0272810329800115,1.7919900928086197,-0.009474576222527231,CORE_STRATEGY
2023-11,2023-12,ADAA,ADAA,0.04073783438447909,1.8649918884280845,0.0,CORE_STRATEGY
2023-12,2024-01,ADAA,ADAA,-0.011140200979220194,1.8442155039663803,-0.011140200979220083,CORE_STRATEGY
2024-01,2024-02,ADAA,ADAA,0.01957651203084665,1.8803188109672522,0.0,CORE_STRATEGY
2024-02,2024-03,ADAA,ADAA,0.027496564012881475,1.9320211175176385,0.0,CORE_STRATEGY
2024-03,2024-04,ADAA,ADAA,-0.03117576161991975,1.8717888877132576,-0.03117576161991975,CORE_STRATEGY
2024-04,2024-05,ADAA,ADAA,0.01964788945804341,1.9085655888678417,-0.012140410079954922,CORE_STRATEGY
2024-05,2024-06,ADAA,ADAA,0.024966602307620267,1.9562159869031142,0.0,CORE_STRATEGY
2024-06,2024-07,ADAA,ADAA,0.005497808766494305,1.9669708883050665,0.0,CORE_STRATEGY
2024-07,2024-08,ADAA,ADAA,0.017381712536154836,2.00116021085257,0.0,CORE_STRATEGY
2024-08,2024-09,ADAA,ADAA,0.02770588746021163,2.056604130444305,0.0,CORE_STRATEGY
2024-09,2024-10,ADAA,ADAA,-0.011188842307940927,2.0335931111389036,-0.011188842307940816,CORE_STRATEGY
2024-10,2024-11,ADAA,ADAA,0.021242693384469602,2.076792106067597,0.0,CORE_STRATEGY
2024-11,2024-12,ADAA,ADAA,-0.02112222893758997,2.0329256277474577,-0.02112222893758997,CORE_STRATEGY
2024-12,2025-01,ADAA,ADAA,0.01719185325653938,2.06787538682115,-0.004293505941396658,CORE_STRATEGY
2025-01,2025-02,ADAA,ADAA,-0.0012005198167633901,2.065392861440674,-0.005488871319194066,CORE_STRATEGY
2025-02,2025-03,ADAA,ADAA,-0.016609753266799254,2.0310871956131358,-0.022007455787668384,CORE_STRATEGY
2025-03,2025-04,ADAA,ADAA,0.002156618483571071,2.0354674758009397,-0.019898298990025376,CORE_STRATEGY
2025-04,2025-05,ADAA,ADAA,0.012765247621546072,2.061450722155142,-0.007387058082334419,CORE_STRATEGY
2025-05,2025-06,ADAA,ADAA,0.03839011426655681,2.1405900509335543,0.0,CORE_STRATEGY
2025-06,2025-07,ADAA,ADAA,0.0008001150410219537,2.142302769229968,0.0,CORE_STRATEGY
2025-07,2025-08,ADAA,ADAA,0.024133891095475368,2.1940048709560993,0.0,CORE_STRATEGY
2025-08,2025-09,ADAA,ADAA,0.06259112277554513,2.3313300992042567,0.0,CORE_STRATEGY
2025-09,2025-10,ADAA,ADAA,0.044410290336408975,2.434865145779927,0.0,CORE_STRATEGY
2025-10,2025-11,ADAA,ADAA,-8.426583887655159e-05,2.4346599698258666,-8.426583887655159e-05,CORE_STRATEGY
2025-11,2025-12,ADAA,ADAA,0.018757406662853526,2.480327876965661,0.0,CORE_STRATEGY
2025-12,2026-01,ADAA,ADAA,0.07672064092950848,2.6706202214017933,0.0,CORE_STRATEGY
2026-01,2026-02,ADAA,ADAA,0.06040569232533044,2.831940884813596,0.0,CORE_STRATEGY
2026-02,2026-03,ADAA,ADAA,-0.0713757089884629,2.6298090963466105,-0.07137570898846302,CORE_STRATEGY
2026-03,2026-04,ADAA,ADAA,0.07894707822403269,2.837424840790159,0.0,CORE_STRATEGY
2026-04,2026-05,ADAA,ADAA,0.06328152250845975,3.0169814047186847,0.0,CORE_STRATEGY
2026-05,2026-06,ADAA,ADAA,-0.020697799590846055,2.954536528234508,-0.020697799590846055,CORE_STRATEGY
2026-06,2026-07,ADAA,ADAA,-0.04327052147254551,2.826692191948117,-0.06307271648176138,CORE_STRATEGY
2026-07,2026-08,ADAA,ADAA,0.04437253329281998,2.952119685343889,-0.02149887940089701,CORE_STRATEGY
2017-04,2017-05,F2R,F2R,0.04011387846959402,1.040113878469594,0.0,CORE_STRATEGY
2017-05,2017-06,F2R,F2R,0.0008434684224514211,1.0409911816818367,0.0,CORE_STRATEGY
2017-06,2017-07,F2R,F2R,0.017751244313004566,1.0594700704755542,0.0,CORE_STRATEGY
2017-07,2017-08,F2R,F2R,0.009432587697914663,1.0694636148286307,0.0,CORE_STRATEGY
2017-08,2017-09,F2R,F2R,0.0005200698141658577,1.0700198105720518,0.0,CORE_STRATEGY
2017-09,2017-10,F2R,F2R,0.03685867271304244,1.1094593205663987,0.0,CORE_STRATEGY
2017-10,2017-11,F2R,F2R,0.023679324126062218,1.1357305674227713,0.0,CORE_STRATEGY
2017-11,2017-12,F2R,F2R,0.010164647262712156,1.1472748680261038,0.0,CORE_STRATEGY
2017-12,2018-01,F2R,F2R,0.053373144912103765,1.2085085358112757,0.0,CORE_STRATEGY
2018-01,2018-02,F2R,F2R,-0.04302616602250764,1.156511046909842,-0.04302616602250764,CORE_STRATEGY
2018-02,2018-03,F2R,F2R,0.0010033309291177517,1.1576714102130732,-0.04206600457652154,CORE_STRATEGY
2018-03,2018-04,F2R,F2R,-0.004079639637309951,1.1529485280409875,-0.045974030074177885,CORE_STRATEGY
2018-04,2018-05,F2R,F2R,0.0219127030731594,1.1782127467945858,-0.025068742271110445,CORE_STRATEGY
2018-05,2018-06,F2R,F2R,-0.009550513635394275,1.1669602098909286,-0.034379836541622355,CORE_STRATEGY
2018-06,2018-07,F2R,F2R,0.01906027608768124,1.1892027936747882,-0.015974849630273846,CORE_STRATEGY
2018-07,2018-08,F2R,F2R,0.033363645910790884,1.2288789345990772,0.0,CORE_STRATEGY
2018-08,2018-09,F2R,F2R,-0.001475926743039313,1.2270651993155448,-0.001475926743039202,CORE_STRATEGY
2018-09,2018-10,F2R,F2R,-0.10289387118940718,1.100807710756167,-0.10421793411626312,CORE_STRATEGY
2018-10,2018-11,F2R,F2R,0.018228431093243902,1.1208737082585973,-0.0878892324537377,CORE_STRATEGY
2018-11,2018-12,F2R,F2R,-0.07769773855178774,1.033784355924748,-0.15875817640081769,CORE_STRATEGY
2018-12,2019-01,F2R,F2R,0.06599213104884716,1.102005988617182,-0.10324283573408921,CORE_STRATEGY
2019-01,2019-02,F2R,F2R,0.029892902200229,1.134948145858982,-0.07643616152533372,CORE_STRATEGY
2019-02,2019-03,F2R,F2R,-0.00046801889586078893,1.1344169686808978,-0.07686840685327367,CORE_STRATEGY
2019-03,2019-04,F2R,F2R,0.03461711177568172,1.1736872076859546,-0.044912257309650205,CORE_STRATEGY
2019-04,2019-05,F2R,F2R,-0.0426325974040932,1.123649873482345,-0.08563012852935203,CORE_STRATEGY
2019-05,2019-06,F2R,F2R,0.05689674736531414,1.1875818964609373,-0.03360545695383177,CORE_STRATEGY
2019-06,2019-07,F2R,F2R,0.012110297917157897,1.2019638670281025,-0.021902131132026992,CORE_STRATEGY
2019-07,2019-08,F2R,F2R,0.005729957119906981,1.208851068445851,-0.01629767228434109,CORE_STRATEGY
2019-08,2019-09,F2R,F2R,0.005897683278973442,1.2159804891789934,-0.010496107514685216,CORE_STRATEGY
2019-09,2019-10,F2R,F2R,0.028410168146320025,1.250526699339213,0.0,CORE_STRATEGY
2019-10,2019-11,F2R,F2R,0.028854831953172067,1.286610437101601,0.0,CORE_STRATEGY
2019-11,2019-12,F2R,F2R,0.02582899495729607,1.3198422915935026,0.0,CORE_STRATEGY
2019-12,2020-01,F2R,F2R,0.012613988262696774,1.336490766768274,0.0,CORE_STRATEGY
2020-01,2020-02,F2R,F2R,-0.015925538743339684,1.31520643128199,-0.015925538743339684,CORE_STRATEGY
2020-02,2020-03,F2R,F2R,-0.05372586898142795,1.2445458228714024,-0.0687957943167844,CORE_STRATEGY
2020-03,2020-04,F2R,F2R,0.17033481025017672,1.4565352994578527,0.0,CORE_STRATEGY
2020-04,2020-05,F2R,F2R,0.04653146033041344,1.5243100139644226,0.0,CORE_STRATEGY
2020-05,2020-06,F2R,F2R,0.03478529790661922,1.577333591902218,0.0,CORE_STRATEGY
2020-06,2020-07,F2R,F2R,0.04949988667207461,1.6554114259454342,0.0,CORE_STRATEGY
2020-07,2020-08,F2R,F2R,0.059544795957567676,1.7539825615291813,0.0,CORE_STRATEGY
2020-08,2020-09,F2R,F2R,-0.04279286065811949,1.6789246301768916,-0.04279286065811949,CORE_STRATEGY
2020-09,2020-10,F2R,F2R,-0.01999247777325741,1.6453587668251057,-0.06192980311581531,CORE_STRATEGY
2020-10,2020-11,F2R,F2R,0.0913948873652819,1.7957361459945653,0.0,CORE_STRATEGY
2020-11,2020-12,F2R,F2R,0.05711375055749479,1.898297372303976,0.0,CORE_STRATEGY
2020-12,2021-01,F2R,F2R,0.017266652728001652,1.9310746138060269,0.0,CORE_STRATEGY
2021-01,2021-02,F2R,F2R,0.018056746790253708,1.9659435391406093,0.0,CORE_STRATEGY
2021-02,2021-03,F2R,F2R,0.02571972180122528,2.016507060044222,0.0,CORE_STRATEGY
2021-03,2021-04,F2R,F2R,0.041905435300912064,2.1010096661827373,0.0,CORE_STRATEGY
2021-04,2021-05,F2R,F2R,0.025119331653784993,2.1537856247953897,0.0,CORE_STRATEGY
2021-05,2021-06,F2R,F2R,0.007565484088962515,2.1700800556708155,0.0,CORE_STRATEGY
2021-06,2021-07,F2R,F2R,0.006436485302832695,2.184047744055111,0.0,CORE_STRATEGY
2021-07,2021-08,F2R,F2R,0.01933062863445123,2.2262667599153514,0.0,CORE_STRATEGY
2021-08,2021-09,F2R,F2R,-0.054645598792803174,2.1046110797472632,-0.054645598792803174,CORE_STRATEGY
2021-09,2021-10,F2R,F2R,0.05791129352570645,2.226491829743961,0.0,CORE_STRATEGY
2021-10,2021-11,F2R,F2R,-0.012866216481929982,2.1978453038672265,-0.012866216481930093,CORE_STRATEGY
2021-11,2021-12,F2R,F2R,0.0444201580565029,2.2954739396487516,0.0,CORE_STRATEGY
2021-12,2022-01,F2R,F2R,-0.0385492275926993,2.2069851923161217,-0.0385492275926993,CORE_STRATEGY
2022-01,2022-02,F2R,F2R,-0.012977484144455542,2.178344076975791,-0.0510264397472896,CORE_STRATEGY
2022-02,2022-03,F2R,F2R,0.0607756279085081,2.3107343060547745,0.0,CORE_STRATEGY
2022-03,2022-04,F2R,F2R,-0.03359444351244323,2.2331064729377528,-0.03359444351244323,CORE_STRATEGY
2022-04,2022-05,F2R,F2R,-0.00818703458228276,2.2148239530178917,-0.04150643922391706,CORE_STRATEGY
2022-05,2022-06,F2R,F2R,-0.07726968765521902,2.0436851979569015,-0.11556893728462381,CORE_STRATEGY
2022-06,2022-07,F2R,F2R,0.07027798968348087,2.1873112852151992,-0.05341290018336253,CORE_STRATEGY
2022-07,2022-08,F2R,F2R,-0.04836877611326418,2.081513715370609,-0.09919815968609758,CORE_STRATEGY
2022-08,2022-09,F2R,F2R,-0.10551783684555582,1.8618768907603465,-0.1942488213025163,CORE_STRATEGY
2022-09,2022-10,F2R,F2R,0.0669606282467674,1.9865493370837972,-0.14029521616635954,CORE_STRATEGY
2022-10,2022-11,F2R,F2R,0.042969115065920827,2.07190960413308,-0.10335446238708912,CORE_STRATEGY
2022-11,2022-12,F2R,F2R,-0.0514727958149066,1.965262624132594,-0.14950731506298565,CORE_STRATEGY
2022-12,2023-01,F2R,F2R,0.10665059660462606,2.174859055481108,-0.05880176280658289,CORE_STRATEGY
2023-01,2023-02,F2R,F2R,-0.035116233880503334,2.0984861962317027,-0.09185310023178428,CORE_STRATEGY
2023-02,2023-03,F2R,F2R,0.01628642009015513,2.132663023976924,-0.07706263831858717,CORE_STRATEGY
2023-03,2023-04,F2R,F2R,0.00671251549183971,2.1469785575642426,-0.07086740698030303,CORE_STRATEGY
2023-04,2023-05,F2R,F2R,0.008786311096753208,2.1658425790890603,-0.06270375896789915,CORE_STRATEGY
2023-05,2023-06,F2R,F2R,0.053805541078764785,2.2823769109483747,-0.01227202756807455,CORE_STRATEGY
2023-06,2023-07,F2R,F2R,0.049366442842053715,2.395049740266731,0.0,CORE_STRATEGY
2023-07,2023-08,F2R,F2R,-0.03941704719104733,2.3006439516297315,-0.03941704719104733,CORE_STRATEGY
2023-08,2023-09,F2R,F2R,-0.05334441540833701,2.177917444967317,-0.0906587832598551,CORE_STRATEGY
2023-09,2023-10,F2R,F2R,-0.044854285744075906,2.0802285135637453,-0.13144663403438317,CORE_STRATEGY
2023-10,2023-11,F2R,F2R,0.11765331425350656,2.3249742925891654,-0.029258451922489548,CORE_STRATEGY
2023-11,2023-12,F2R,F2R,0.07813615957519437,2.5066388549231373,0.0,CORE_STRATEGY
2023-12,2024-01,F2R,F2R,-0.013548421493611018,2.472677855184376,-0.013548421493611018,CORE_STRATEGY
2024-01,2024-02,F2R,F2R,0.055885834602747764,2.6108655208250875,0.0,CORE_STRATEGY
2024-02,2024-03,F2R,F2R,0.02468551495055893,2.675316080673314,0.0,CORE_STRATEGY
2024-03,2024-04,F2R,F2R,-0.05595425724913694,2.5256207564725663,-0.05595425724913694,CORE_STRATEGY
2024-04,2024-05,F2R,F2R,0.04205298281472891,2.6318306427410296,-0.016254317852916977,CORE_STRATEGY
2024-05,2024-06,F2R,F2R,0.0290856588012407,2.708379170838445,0.0,CORE_STRATEGY
2024-06,2024-07,F2R,F2R,0.0348151086573083,2.8026716859563763,0.0,CORE_STRATEGY
2024-07,2024-08,F2R,F2R,0.009384144568499897,2.828972362235432,0.0,CORE_STRATEGY
2024-08,2024-09,F2R,F2R,0.013425590148215205,2.8669529857114333,0.0,CORE_STRATEGY
2024-09,2024-10,F2R,F2R,-0.0023901305999668443,2.860100593651618,-0.0023901305999668443,CORE_STRATEGY
2024-10,2024-11,F2R,F2R,0.06782271838510123,3.0540803907679126,0.0,CORE_STRATEGY
2024-11,2024-12,F2R,F2R,-0.03127734692338635,2.958556858853953,-0.03127734692338646,CORE_STRATEGY
2024-12,2025-01,F2R,F2R,0.035290004194918456,3.062964342813814,0.0,CORE_STRATEGY
2025-01,2025-02,F2R,F2R,-0.018494239441498528,3.006317146857043,-0.018494239441498528,CORE_STRATEGY
2025-02,2025-03,F2R,F2R,-0.02700476251161854,2.925132266271562,-0.04499956940916627,CORE_STRATEGY
2025-03,2025-04,F2R,F2R,0.00892662702028768,2.9512438309975773,-0.03647463676106777,CORE_STRATEGY
2025-04,2025-05,F2R,F2R,0.050996363213460016,3.101746533334613,0.0,CORE_STRATEGY
2025-05,2025-06,F2R,F2R,0.04376040956292848,3.2374802319937293,0.0,CORE_STRATEGY
2025-06,2025-07,F2R,F2R,0.014430588302789538,3.2841989763600505,0.0,CORE_STRATEGY
2025-07,2025-08,F2R,F2R,0.019628299610049416,3.348662217847063,0.0,CORE_STRATEGY
2025-08,2025-09,F2R,F2R,0.07878105572185334,3.6124733626249377,0.0,CORE_STRATEGY
2025-09,2025-10,F2R,F2R,0.03904007101155815,3.7535045792291775,0.0,CORE_STRATEGY
2025-10,2025-11,F2R,F2R,-0.004492432714165662,3.7366422124646776,-0.004492432714165662,CORE_STRATEGY
2025-11,2025-12,F2R,F2R,0.024267396699559463,3.8273207913588774,0.0,CORE_STRATEGY
2025-12,2026-01,F2R,F2R,0.06981909476860948,4.094540864400632,0.0,CORE_STRATEGY
2026-01,2026-02,F2R,F2R,0.028826066061173883,4.212570369848021,0.0,CORE_STRATEGY
2026-02,2026-03,F2R,F2R,-0.08649241529201013,3.8482149839723094,-0.08649241529201013,CORE_STRATEGY
2026-03,2026-04,F2R,F2R,0.13799854726834448,4.379263061336764,0.0,CORE_STRATEGY
2026-04,2026-05,F2R,F2R,0.0824134496686979,4.7401732372282295,0.0,CORE_STRATEGY
2026-05,2026-06,F2R,F2R,-0.03191396317529782,4.5888955230907955,-0.03191396317529782,CORE_STRATEGY
2026-06,2026-07,F2R,F2R,-0.07173190909030314,4.2597252866035475,-0.10135662276039925,CORE_STRATEGY
2026-07,2026-08,F2R,F2R,0.09694349643809308,4.672677949752654,-0.014238991719855987,CORE_STRATEGY
2017-04,2017-05,SPY_AGG_60_40,60/40,0.011216399392687038,1.011216399392687,0.0,REFERENCE
2017-05,2017-06,SPY_AGG_60_40,60/40,0.0037517089974152817,1.0150101890566225,0.0,REFERENCE
2017-06,2017-07,SPY_AGG_60_40,60/40,0.01366852373683658,1.028883879918874,0.0,REFERENCE
2017-07,2017-08,SPY_AGG_60_40,60/40,0.00551569445064759,1.0345588890257034,0.0,REFERENCE
2017-08,2017-09,SPY_AGG_60_40,60/40,0.009803585105257362,1.0447012751406675,0.0,REFERENCE
2017-09,2017-10,SPY_AGG_60_40,60/40,0.014529831024094442,1.0598806081391174,0.0,REFERENCE
2017-10,2017-11,SPY_AGG_60_40,60/40,0.017745989934693895,1.0786892387431315,0.0,REFERENCE
2017-11,2017-12,SPY_AGG_60_40,60/40,0.009177733441797065,1.0885891610428509,0.0,REFERENCE
2017-12,2018-01,SPY_AGG_60_40,60/40,0.029315271875566706,1.1205014482596172,0.0,REFERENCE
2018-01,2018-02,SPY_AGG_60_40,60/40,-0.025850915967232213,1.0915354594794957,-0.025850915967232324,REFERENCE
2018-02,2018-03,SPY_AGG_60_40,60/40,-0.013761996482558159,1.0765137523255515,-0.03925715223517845,REFERENCE
2018-03,2018-04,SPY_AGG_60_40,60/40,-0.000663355016292777,1.0757996415278381,-0.03989446582261069,REFERENCE
2018-04,2018-05,SPY_AGG_60_40,60/40,0.017232886847251327,1.0943387750206008,-0.023349075790711993,REFERENCE
2018-05,2018-06,SPY_AGG_60_40,60/40,0.0038611949203908313,1.098564230339897,-0.01957803620316012,REFERENCE
2018-06,2018-07,SPY_AGG_60_40,60/40,0.02211078337384298,1.122854346059195,0.0,REFERENCE
2018-07,2018-08,SPY_AGG_60_40,60/40,0.02142419891689462,1.146910600923867,0.0,REFERENCE
2018-08,2018-09,SPY_AGG_60_40,60/40,0.0010884020503505454,1.1481589007734814,0.0,REFERENCE
2018-09,2018-10,SPY_AGG_60_40,60/40,-0.04403883240105255,1.0975953233725413,-0.04403883240105255,REFERENCE
2018-10,2018-11,SPY_AGG_60_40,60/40,0.014215553643449175,1.1131982485707426,-0.030449315141995448,REFERENCE
2018-11,2018-12,SPY_AGG_60_40,60/40,-0.044904100348008735,1.0632110827096943,-0.07398611638733987,REFERENCE
2018-12,2019-01,SPY_AGG_60_40,60/40,0.05168278005922233,1.1181607872539072,-0.026127144508800382,REFERENCE
2019-01,2019-02,SPY_AGG_60_40,60/40,0.018994391354640205,1.1393995708444205,-0.00762902236193963,REFERENCE
2019-02,2019-03,SPY_AGG_60_40,60/40,0.019350761043716247,1.1614478196731437,0.0,REFERENCE
2019-03,2019-04,SPY_AGG_60_40,60/40,0.023709945552767175,1.1889856842399742,0.0,REFERENCE
2019-04,2019-05,SPY_AGG_60_40,60/40,-0.03061958001241316,1.1525794419477744,-0.030619580012413272,REFERENCE
2019-05,2019-06,SPY_AGG_60_40,60/40,0.04614645887033397,1.2057669017604098,0.0,REFERENCE
2019-06,2019-07,SPY_AGG_60_40,60/40,0.009798747277895759,1.2175819069068115,0.0,REFERENCE
2019-07,2019-08,SPY_AGG_60_40,60/40,0.0010853596729933912,1.2189034212071346,0.0,REFERENCE
2019-08,2019-09,SPY_AGG_60_40,60/40,0.0092261988894633,1.2301492665982388,0.0,REFERENCE
2019-09,2019-10,SPY_AGG_60_40,60/40,0.014094925666052305,1.2474881290690898,0.0,REFERENCE
2019-10,2019-11,SPY_AGG_60_40,60/40,0.021581053587507615,1.2744102372323094,0.0,REFERENCE
2019-11,2019-12,SPY_AGG_60_40,60/40,0.017246188749217684,1.296388956727553,0.0,REFERENCE
2019-12,2020-01,SPY_AGG_60_40,60/40,0.007873729776315397,1.3065963730578252,0.0,REFERENCE
2020-01,2020-02,SPY_AGG_60_40,60/40,-0.04116056438008098,1.2528161289257982,-0.04116056438008098,REFERENCE
2020-02,2020-03,SPY_AGG_60_40,60/40,-0.07703005551539377,1.1563116329640633,-0.11502001933623218,REFERENCE
2020-03,2020-04,SPY_AGG_60_40,60/40,0.0830661100010579,1.252361942263359,-0.04150817491368164,REFERENCE
2020-04,2020-05,SPY_AGG_60_40,60/40,0.031277655198010956,1.2915328872765837,-0.011528798098519477,REFERENCE
2020-05,2020-06,SPY_AGG_60_40,60/40,0.013276988381939914,1.3086805544158482,0.0,REFERENCE
2020-06,2020-07,SPY_AGG_60_40,60/40,0.04066828805021161,1.3619023521685425,0.0,REFERENCE
2020-07,2020-08,SPY_AGG_60_40,60/40,0.038583553152455874,1.4144493839618921,0.0,REFERENCE
2020-08,2020-09,SPY_AGG_60_40,60/40,-0.02285561693224536,1.3821212706720087,-0.02285561693224536,REFERENCE
2020-09,2020-10,SPY_AGG_60_40,60/40,-0.01719327600421483,1.3583580781940487,-0.039655930006297524,REFERENCE
2020-10,2020-11,SPY_AGG_60_40,60/40,0.0700929704990434,1.4535694308960414,0.0,REFERENCE
2020-11,2020-12,SPY_AGG_60_40,60/40,0.022571895963312105,1.4863792488656777,0.0,REFERENCE
2020-12,2021-01,SPY_AGG_60_40,60/40,-0.009092403834781049,1.4728644884833524,-0.00909240383478116,REFERENCE
2021-01,2021-02,SPY_AGG_60_40,60/40,0.010610897930542817,1.4884929032361705,0.0,REFERENCE
2021-02,2021-03,SPY_AGG_60_40,60/40,0.022654159927101736,1.5222134595164387,0.0,REFERENCE
2021-03,2021-04,SPY_AGG_60_40,60/40,0.03467454807080084,1.5749955232924615,0.0,REFERENCE
2021-04,2021-05,SPY_AGG_60_40,60/40,0.004754960180195944,1.582484564289704,0.0,REFERENCE
2021-05,2021-06,SPY_AGG_60_40,60/40,0.016767982698138395,1.609019638083785,0.0,REFERENCE
2021-06,2021-07,SPY_AGG_60_40,60/40,0.019113813088835085,1.6397741387023834,0.0,REFERENCE
2021-07,2021-08,SPY_AGG_60_40,60/40,0.01705431415822134,1.6677393620123406,0.0,REFERENCE
2021-08,2021-09,SPY_AGG_60_40,60/40,-0.03163189956603163,1.6149855980108485,-0.03163189956603174,REFERENCE
2021-09,2021-10,SPY_AGG_60_40,60/40,0.04206322516352712,1.6829171008558323,0.0,REFERENCE
2021-10,2021-11,SPY_AGG_60_40,60/40,-0.003737743579871111,1.6766267882666532,-0.003737743579871111,REFERENCE
2021-11,2021-12,SPY_AGG_60_40,60/40,0.02631384523537461,1.7207452860905852,0.0,REFERENCE
2021-12,2022-01,SPY_AGG_60_40,60/40,-0.03963916855761562,1.6525363736505179,-0.039639168557615734,REFERENCE
2022-01,2022-02,SPY_AGG_60_40,60/40,-0.022292862012262105,1.6156966083024829,-0.061048360054942075,REFERENCE
2022-02,2022-03,SPY_AGG_60_40,60/40,0.011305680105694549,1.6339631573038065,-0.05043287317900591,REFERENCE
2022-03,2022-04,SPY_AGG_60_40,60/40,-0.06788501942858471,1.523041536624646,-0.11489425603199444,REFERENCE
2022-04,2022-05,SPY_AGG_60_40,60/40,0.00439653260076911,1.5297376383927417,-0.1110028597735111,REFERENCE
2022-05,2022-06,SPY_AGG_60_40,60/40,-0.05568816944620836,1.444549349577684,-0.1605094831556385,REFERENCE
2022-06,2022-07,SPY_AGG_60_40,60/40,0.06540466034141623,1.539029609133226,-0.10560289104159315,REFERENCE
2022-07,2022-08,SPY_AGG_60_40,60/40,-0.036650141101732814,1.4826239567987487,-0.13838267128590065,REFERENCE
2022-08,2022-09,SPY_AGG_60_40,60/40,-0.0720476694691572,1.3758043560122584,-0.20046019179399233,REFERENCE
2022-09,2022-10,SPY_AGG_60_40,60/40,0.043651179910486615,1.4358598394781807,-0.16555933578039583,REFERENCE
2022-10,2022-11,SPY_AGG_60_40,60/40,0.048589109311026446,1.505626990173899,-0.1250146071330639,REFERENCE
2022-11,2022-12,SPY_AGG_60_40,60/40,-0.03897059746866771,1.4469518068018703,-0.15911331066944534,REFERENCE
2022-12,2023-01,SPY_AGG_60_40,60/40,0.05105337258151921,1.5208235765020286,-0.1161832092202123,REFERENCE
2023-01,2023-02,SPY_AGG_60_40,60/40,-0.0257482345131671,1.4816650544011007,-0.1389399312158851,REFERENCE
2023-02,2023-03,SPY_AGG_60_40,60/40,0.03281162256383374,1.5302808889321318,-0.11068715323415201,REFERENCE
2023-03,2023-04,SPY_AGG_60_40,60/40,0.011887161385304879,1.5484715848237158,-0.10011574790262157,REFERENCE
2023-04,2023-05,SPY_AGG_60_40,60/40,-0.0018074799680712905,1.5456727534530195,-0.10174227066187025,REFERENCE
2023-05,2023-06,SPY_AGG_60_40,60/40,0.03740672744490792,1.6034913128604569,-0.068141388605237,REFERENCE
2023-06,2023-07,SPY_AGG_60_40,60/40,0.019578722163254403,1.6348856237661438,-0.049896787757302885,REFERENCE
2023-07,2023-08,SPY_AGG_60_40,60/40,-0.0122766104368357,1.6148147698543838,-0.061560834768792705,REFERENCE
2023-08,2023-09,SPY_AGG_60_40,60/40,-0.03881910571270175,1.5521291045969743,-0.0979902039288425,REFERENCE
2023-09,2023-10,SPY_AGG_60_40,60/40,-0.019307695225187937,1.522161068895272,-0.11540593416151834,REFERENCE
2023-10,2023-11,SPY_AGG_60_40,60/40,0.07317791353628067,1.6335496399831828,-0.05067318609688298,REFERENCE
2023-11,2023-12,SPY_AGG_60_40,60/40,0.0409953373781915,1.7005175585983165,-0.01175521307876115,REFERENCE
2023-12,2024-01,SPY_AGG_60_40,60/40,0.008951284430263051,1.7157393749439867,-0.0029091529043043796,REFERENCE
2024-01,2024-02,SPY_AGG_60_40,60/40,0.025413708084206066,1.7593426745673912,0.0,REFERENCE
2024-02,2024-03,SPY_AGG_60_40,60/40,0.023231153552315087,1.800214234391407,0.0,REFERENCE
2024-03,2024-04,SPY_AGG_60_40,60/40,-0.034104696795209444,1.738818473761068,-0.034104696795209444,REFERENCE
2024-04,2024-05,SPY_AGG_60_40,60/40,0.03702602424533419,1.8032000087287803,0.0,REFERENCE
2024-05,2024-06,SPY_AGG_60_40,60/40,0.024709951068758285,1.847756992711653,0.0,REFERENCE
2024-06,2024-07,SPY_AGG_60_40,60/40,0.016942321579578534,1.8790622858830888,0.0,REFERENCE
2024-07,2024-08,SPY_AGG_60_40,60/40,0.01986505403048655,1.9163899597188059,0.0,REFERENCE
2024-08,2024-09,SPY_AGG_60_40,60/40,0.01793411749459084,1.9507587224218572,0.0,REFERENCE
2024-09,2024-10,SPY_AGG_60_40,60/40,-0.015429001015132338,1.920660464113332,-0.015429001015132338,REFERENCE
2024-10,2024-11,SPY_AGG_60_40,60/40,0.040223992054208235,1.9979170953606586,0.0,REFERENCE
2024-11,2024-12,SPY_AGG_60_40,60/40,-0.02244648334779431,1.9530708825493721,-0.02244648334779431,REFERENCE
2024-12,2025-01,SPY_AGG_60_40,60/40,0.01817766585463798,1.9885731524427774,-0.00467684216706421,REFERENCE
2025-01,2025-02,SPY_AGG_60_40,60/40,0.0013325995919764022,1.991223124214338,-0.003350474933051406,REFERENCE
2025-02,2025-03,SPY_AGG_60_40,60/40,-0.033536675882514966,1.9244441196877928,-0.036774787023684086,REFERENCE
2025-03,2025-04,SPY_AGG_60_40,60/40,-0.0034777594529596945,1.9177513659588559,-0.04012465261344167,REFERENCE
2025-04,2025-05,SPY_AGG_60_40,60/40,0.035279361079340266,1.9854084088589163,-0.006260863641834091,REFERENCE
2025-05,2025-06,SPY_AGG_60_40,60/40,0.0366530430359675,2.058179668712794,0.0,REFERENCE
2025-06,2025-07,SPY_AGG_60_40,60/40,0.012763259482941214,2.0844487498870894,0.0,REFERENCE
2025-07,2025-08,SPY_AGG_60_40,60/40,0.01707302165065694,2.1200365885235963,0.0,REFERENCE
2025-08,2025-09,SPY_AGG_60_40,60/40,0.025879260676955562,2.174901568042682,0.0,REFERENCE
2025-09,2025-10,SPY_AGG_60_40,60/40,0.016764383882227563,2.211362452835408,0.0,REFERENCE
2025-10,2025-11,SPY_AGG_60_40,60/40,0.0035928080194158607,2.2193074535897903,0.0,REFERENCE
2025-11,2025-12,SPY_AGG_60_40,60/40,-0.0006374184467976551,2.2178928260797566,-0.0006374184467976551,REFERENCE
2025-12,2026-01,SPY_AGG_60_40,60/40,0.009843841859288105,2.2397254123205355,0.0,REFERENCE
2026-01,2026-02,SPY_AGG_60_40,60/40,0.001207306946126474,2.242429448368246,0.0,REFERENCE
2026-02,2026-03,SPY_AGG_60_40,60/40,-0.036805870020794496,2.1598948815608026,-0.036805870020794496,REFERENCE
2026-03,2026-04,SPY_AGG_60_40,60/40,0.06370680184874455,2.2974948767945143,0.0,REFERENCE
2026-04,2026-05,SPY_AGG_60_40,60/40,0.03274983335690962,2.3727374511478883,0.0,REFERENCE
2026-05,2026-06,SPY_AGG_60_40,60/40,-0.005158566735649406,2.3604975266599673,-0.005158566735649406,REFERENCE
2026-06,2026-07,SPY_AGG_60_40,60/40,-0.004977092015282292,2.3487491132679343,-0.010109984089621382,REFERENCE
2026-07,2026-08,SPY_AGG_60_40,60/40,0.017637839090017815,2.390175972190576,0.0,REFERENCE
2017-04,2017-05,BIL_CASH,BIL Cash,0.00015301221281527333,1.0001530122128153,0.0,CASH_COMPARATOR
2017-05,2017-06,BIL_CASH,BIL Cash,0.001028789739675906,1.0011819593698859,0.0,CASH_COMPARATOR
2017-06,2017-07,BIL_CASH,BIL Cash,0.000328061772709054,1.0015104088982811,0.0,CASH_COMPARATOR
2017-07,2017-08,BIL_CASH,BIL Cash,0.0011384144743087354,1.0026505428439418,0.0,CASH_COMPARATOR
2017-08,2017-09,BIL_CASH,BIL Cash,0.0007214277674478797,1.0033738827865961,0.0,CASH_COMPARATOR
2017-09,2017-10,BIL_CASH,BIL Cash,0.0006995975079364669,1.004075840654522,0.0,CASH_COMPARATOR
2017-10,2017-11,BIL_CASH,BIL Cash,0.0005473405988667412,1.0046254121264535,0.0,CASH_COMPARATOR
2017-11,2017-12,BIL_CASH,BIL Cash,0.0007436811500547424,1.0053725331083179,0.0,CASH_COMPARATOR
2017-12,2018-01,BIL_CASH,BIL Cash,0.0013128983889265644,1.0066924850873067,0.0,CASH_COMPARATOR
2018-01,2018-02,BIL_CASH,BIL Cash,0.0008314654285488388,1.0075295150858368,0.0,CASH_COMPARATOR
2018-02,2018-03,BIL_CASH,BIL Cash,0.0013014952184136064,1.0088408099321315,0.0,CASH_COMPARATOR
2018-03,2018-04,BIL_CASH,BIL Cash,0.0010385401258510285,1.0098885315938422,0.0,CASH_COMPARATOR
2018-04,2018-05,BIL_CASH,BIL Cash,0.0014986145819435581,1.0114019652734263,0.0,CASH_COMPARATOR
2018-05,2018-06,BIL_CASH,BIL Cash,0.0014874000519344843,1.0129063246091006,0.0,CASH_COMPARATOR
2018-06,2018-07,BIL_CASH,BIL Cash,0.0013882926420387687,1.01431253500663,0.0,CASH_COMPARATOR
2018-07,2018-08,BIL_CASH,BIL Cash,0.0015854488332851524,1.0159206756318429,0.0,CASH_COMPARATOR
2018-08,2018-09,BIL_CASH,BIL Cash,0.0014000870010799638,1.0173430529639234,0.0,CASH_COMPARATOR
2018-09,2018-10,BIL_CASH,BIL Cash,0.0017057036342762455,1.0190783387066695,0.0,CASH_COMPARATOR
2018-10,2018-11,BIL_CASH,BIL Cash,0.0018594972172532032,1.0209733120416575,0.0,CASH_COMPARATOR
2018-11,2018-12,BIL_CASH,BIL Cash,7.627350774619401e-05,1.0210511852574822,0.0,CASH_COMPARATOR
2018-12,2019-01,BIL_CASH,BIL Cash,0.001749564571852824,1.022837580237257,0.0,CASH_COMPARATOR
2019-01,2019-02,BIL_CASH,BIL Cash,0.0018481010570770007,1.0247278874505115,0.0,CASH_COMPARATOR
2019-02,2019-03,BIL_CASH,BIL Cash,0.0017500949018021128,1.026521258502073,0.0,CASH_COMPARATOR
2019-03,2019-04,BIL_CASH,BIL Cash,0.0019252506548341763,1.0284975692272054,0.0,CASH_COMPARATOR
2019-04,2019-05,BIL_CASH,BIL Cash,0.0021212888454562595,1.030679309648386,0.0,CASH_COMPARATOR
2019-05,2019-06,BIL_CASH,BIL Cash,0.0018155532462102997,1.03255056281482,0.0,CASH_COMPARATOR
2019-06,2019-07,BIL_CASH,BIL Cash,0.0018045992879012207,1.0344139028251975,0.0,CASH_COMPARATOR
2019-07,2019-08,BIL_CASH,BIL Cash,0.0016949546638125312,1.0361671874941036,0.0,CASH_COMPARATOR
2019-08,2019-09,BIL_CASH,BIL Cash,0.0016182293170829976,1.037843943614306,0.0,CASH_COMPARATOR
2019-09,2019-10,BIL_CASH,BIL Cash,0.0016068867089189531,1.039511641253232,0.0,CASH_COMPARATOR
2019-10,2019-11,BIL_CASH,BIL Cash,0.0010826605142624235,1.0406370794613329,0.0,CASH_COMPARATOR
2019-11,2019-12,BIL_CASH,BIL Cash,0.001115608229605769,1.041798022751213,0.0,CASH_COMPARATOR
2019-12,2020-01,BIL_CASH,BIL Cash,0.0012035142375872443,1.0430518415042842,0.0,CASH_COMPARATOR
2020-01,2020-02,BIL_CASH,BIL Cash,0.0011813043660540146,1.044284003198674,0.0,CASH_COMPARATOR
2020-02,2020-03,BIL_CASH,BIL Cash,0.0020450519633237185,1.046419618249683,0.0,CASH_COMPARATOR
2020-03,2020-04,BIL_CASH,BIL Cash,-0.00019711276073763884,1.0462133555898399,-0.00019711276073752781,CASH_COMPARATOR
2020-04,2020-05,BIL_CASH,BIL Cash,-0.000174659816419509,1.0460306241572168,-0.000371738149478551,CASH_COMPARATOR
2020-05,2020-06,BIL_CASH,BIL Cash,0.0,1.0460306241572168,-0.000371738149478551,CASH_COMPARATOR
2020-06,2020-07,BIL_CASH,BIL Cash,0.00010969159044749155,1.0461453649200374,-0.00026208733557986363,CASH_COMPARATOR
2020-07,2020-08,BIL_CASH,BIL Cash,0.0,1.0461453649200374,-0.00026208733557986363,CASH_COMPARATOR
2020-08,2020-09,BIL_CASH,BIL Cash,-0.00021906053585107887,1.0459161957558198,-0.00048109045843880427,CASH_COMPARATOR
2020-09,2020-10,BIL_CASH,BIL Cash,0.00010940494263356193,1.046030624157216,-0.00037173814947943917,CASH_COMPARATOR
2020-10,2020-11,BIL_CASH,BIL Cash,-0.00010939297450285324,1.0459161957558183,-0.0004810904584403586,CASH_COMPARATOR
2020-11,2020-12,BIL_CASH,BIL Cash,3.285134765151909e-05,1.0459505555123794,-0.00044825491525879446,CASH_COMPARATOR
2020-12,2021-01,BIL_CASH,BIL Cash,0.0,1.0459505555123794,-0.00044825491525879446,CASH_COMPARATOR
2021-01,2021-02,BIL_CASH,BIL Cash,-0.00010900316358053441,1.0458365435928798,-0.0005572092176353571,CASH_COMPARATOR
2021-02,2021-03,BIL_CASH,BIL Cash,-0.00010961238928686168,1.045721906950533,-0.0006667605298885659,CASH_COMPARATOR
2021-03,2021-04,BIL_CASH,BIL Cash,-1.1102230246251565e-16,1.0457219069505328,-0.000666760529888788,CASH_COMPARATOR
2021-04,2021-05,BIL_CASH,BIL Cash,-0.00010862872513806021,1.0456083115129318,-0.0007753168256805498,CASH_COMPARATOR
2021-05,2021-06,BIL_CASH,BIL Cash,-0.00021887431486034004,1.0453794547101372,-0.0009940214436018335,CASH_COMPARATOR
2021-06,2021-07,BIL_CASH,BIL Cash,-0.00010926191435334243,1.0452652345496898,-0.0011031747492694643,CASH_COMPARATOR
2021-07,2021-08,BIL_CASH,BIL Cash,-0.00010937346535944137,1.0451509102687673,-0.001212427556583684,CASH_COMPARATOR
2021-08,2021-09,BIL_CASH,BIL Cash,0.00010938542922334094,1.0452652345496902,-0.0011031747492690203,CASH_COMPARATOR
2021-09,2021-10,BIL_CASH,BIL Cash,-0.00010937346535966341,1.0451509102687675,-0.001212427556583462,CASH_COMPARATOR
2021-10,2021-11,BIL_CASH,BIL Cash,-0.00021887048087820826,1.0449221575864467,-0.001431032672859378,CASH_COMPARATOR
2021-11,2021-12,BIL_CASH,BIL Cash,-5.551115123125783e-16,1.044922157586446,-0.0014310326728599332,CASH_COMPARATOR
2021-12,2022-01,BIL_CASH,BIL Cash,4.440892098500626e-16,1.0449221575864465,-0.0014310326728596001,CASH_COMPARATOR
2022-01,2022-02,BIL_CASH,BIL Cash,-0.00021861946293111334,1.0446937172655502,-0.001649339284196194,CASH_COMPARATOR
2022-02,2022-03,BIL_CASH,BIL Cash,0.00045946039416544515,1.0451737126526672,-0.0011906366961083048,CASH_COMPARATOR
2022-03,2022-04,BIL_CASH,BIL Cash,-0.00010918380226387914,1.0450595966126937,-0.001299690500130568,CASH_COMPARATOR
2022-04,2022-05,BIL_CASH,BIL Cash,0.0003279856985489715,1.045402361214514,-0.0009721310814780892,CASH_COMPARATOR
2022-05,2022-06,BIL_CASH,BIL Cash,0.0007771668518365971,1.0462148132764817,-0.0001957197376936115,CASH_COMPARATOR
2022-06,2022-07,BIL_CASH,BIL Cash,0.00036036599092503785,1.0465918335143884,0.0,CASH_COMPARATOR
2022-07,2022-08,BIL_CASH,BIL Cash,0.0019373762092311786,1.0486194756334148,0.0,CASH_COMPARATOR
2022-08,2022-09,BIL_CASH,BIL Cash,0.002067476876915997,1.0507874721519708,0.0,CASH_COMPARATOR
2022-09,2022-10,BIL_CASH,BIL Cash,0.0015854086911113452,1.0524533997428314,0.0,CASH_COMPARATOR
2022-10,2022-11,BIL_CASH,BIL Cash,0.0031515522057457,1.0557702615762354,0.0,CASH_COMPARATOR
2022-11,2022-12,BIL_CASH,BIL Cash,0.0036262717222497187,1.0595987714209816,0.0,CASH_COMPARATOR
2022-12,2023-01,BIL_CASH,BIL Cash,0.0028424843865777483,1.0626106643847826,0.0,CASH_COMPARATOR
2023-01,2023-02,BIL_CASH,BIL Cash,0.003457517587423853,1.0662846594454771,0.0,CASH_COMPARATOR
2023-02,2023-03,BIL_CASH,BIL Cash,0.003990772662566533,1.0705399591149063,0.0,CASH_COMPARATOR
2023-03,2023-04,BIL_CASH,BIL Cash,0.003630804621356676,1.0744268805458077,0.0,CASH_COMPARATOR
2023-04,2023-05,BIL_CASH,BIL Cash,0.003751693223636332,1.0784578005928442,0.0,CASH_COMPARATOR
2023-05,2023-06,BIL_CASH,BIL Cash,0.004606292385980204,1.083425492548316,0.0,CASH_COMPARATOR
2023-06,2023-07,BIL_CASH,BIL Cash,0.003859786061196857,1.0876072831627994,0.0,CASH_COMPARATOR
2023-07,2023-08,BIL_CASH,BIL Cash,0.004967133724985695,1.0930095739785375,0.0,CASH_COMPARATOR
2023-08,2023-09,BIL_CASH,BIL Cash,0.0039912181388663814,1.0973720136161553,0.0,CASH_COMPARATOR
2023-09,2023-10,BIL_CASH,BIL Cash,0.004309240192438946,1.1021008532032877,0.0,CASH_COMPARATOR
2023-10,2023-11,BIL_CASH,BIL Cash,0.004682158350292731,1.1072610639159781,0.0,CASH_COMPARATOR
2023-11,2023-12,BIL_CASH,BIL Cash,-0.0003399773990908628,1.1068846201793534,-0.0003399773990908628,CASH_COMPARATOR
2023-12,2024-01,BIL_CASH,BIL Cash,0.0042677449810064605,1.111608521461677,0.0,CASH_COMPARATOR
2024-01,2024-02,BIL_CASH,BIL Cash,0.00444335337474655,1.1165477909369108,0.0,CASH_COMPARATOR
2024-02,2024-03,BIL_CASH,BIL Cash,0.0041016920361471865,1.1211275261189744,0.0,CASH_COMPARATOR
2024-03,2024-04,BIL_CASH,BIL Cash,0.004322056985922806,1.1259731031753473,0.0,CASH_COMPARATOR
2024-04,2024-05,BIL_CASH,BIL Cash,0.0045728777539435495,1.1311220405303966,0.0,CASH_COMPARATOR
2024-05,2024-06,BIL_CASH,BIL Cash,0.003992766546671467,1.1356383467740292,0.0,CASH_COMPARATOR
2024-06,2024-07,BIL_CASH,BIL Cash,0.004508313717816792,1.1407581607112693,0.0,CASH_COMPARATOR
2024-07,2024-08,BIL_CASH,BIL Cash,0.00461736480588959,1.146025457294569,0.0,CASH_COMPARATOR
2024-08,2024-09,BIL_CASH,BIL Cash,0.004221918216296139,1.15086388304906,0.0,CASH_COMPARATOR
2024-09,2024-10,BIL_CASH,BIL Cash,0.003947869534610016,1.1554073435114325,0.0,CASH_COMPARATOR
2024-10,2024-11,BIL_CASH,BIL Cash,0.0037076422748183457,1.1596911806228711,0.0,CASH_COMPARATOR
2024-11,2024-12,BIL_CASH,BIL Cash,0.004031140934607436,1.1643660592125833,0.0,CASH_COMPARATOR
2024-12,2025-01,BIL_CASH,BIL Cash,0.0034999351105624577,1.1684412648647686,0.0,CASH_COMPARATOR
2025-01,2025-02,BIL_CASH,BIL Cash,0.003237857214958062,1.1722245108444658,0.0,CASH_COMPARATOR
2025-02,2025-03,BIL_CASH,BIL Cash,0.0032701117042073236,1.176057815937337,0.0,CASH_COMPARATOR
2025-03,2025-04,BIL_CASH,BIL Cash,0.003402394383934748,1.1800592284454647,0.0,CASH_COMPARATOR
2025-04,2025-05,BIL_CASH,BIL Cash,0.003632032605911384,1.1843452420400853,0.0,CASH_COMPARATOR
2025-05,2025-06,BIL_CASH,BIL Cash,0.003346995103377548,1.1883092397659019,0.0,CASH_COMPARATOR
2025-06,2025-07,BIL_CASH,BIL Cash,0.003565649750312039,1.1925463343099667,0.0,CASH_COMPARATOR
2025-07,2025-08,BIL_CASH,BIL Cash,0.0037076776616544738,1.1969679117141756,0.0,CASH_COMPARATOR
2025-08,2025-09,BIL_CASH,BIL Cash,0.003302607589745765,1.2009210270240849,0.0,CASH_COMPARATOR
2025-09,2025-10,BIL_CASH,BIL Cash,0.0035105122049350346,1.205136874946616,0.0,CASH_COMPARATOR
2025-10,2025-11,BIL_CASH,BIL Cash,0.0028757619083457087,1.2086025616659304,0.0,CASH_COMPARATOR
2025-11,2025-12,BIL_CASH,BIL Cash,0.0033518521154645153,1.2126536187190062,0.0,CASH_COMPARATOR
2025-12,2026-01,BIL_CASH,BIL Cash,0.0029547705245311917,1.2162367318880631,0.0,CASH_COMPARATOR
2026-01,2026-02,BIL_CASH,BIL Cash,0.0026701382269900265,1.2194842520789468,0.0,CASH_COMPARATOR
2026-02,2026-03,BIL_CASH,BIL Cash,0.0028783882657494875,1.2229944012403973,0.0,CASH_COMPARATOR
2026-03,2026-04,BIL_CASH,BIL Cash,0.0028891096954075657,1.22652776622245,0.0,CASH_COMPARATOR
2026-04,2026-05,BIL_CASH,BIL Cash,0.003173918587437541,1.2304206654976717,0.0,CASH_COMPARATOR
2026-05,2026-06,BIL_CASH,BIL Cash,0.0027246014682833497,1.2337730714494928,0.0,CASH_COMPARATOR
2026-06,2026-07,BIL_CASH,BIL Cash,0.003370750461141103,1.2379318125990246,0.0,CASH_COMPARATOR
2026-07,2026-08,BIL_CASH,BIL Cash,0.0027678474251318086,1.2413582189790155,0.0,CASH_COMPARATOR
2021-04,2021-05,PDS_CORE_COMMON_ADAPTIVE,PDS Core · common support,0.016615101082448458,1.0166151010824485,0.0,VARIANT_COMMON_SUPPORT
2021-05,2021-06,PDS_CORE_COMMON_ADAPTIVE,PDS Core · common support,0.00982655766002094,1.0266049279912832,0.0,VARIANT_COMMON_SUPPORT
2021-06,2021-07,PDS_CORE_COMMON_ADAPTIVE,PDS Core · common support,0.010552028119431789,1.0374376920589945,0.0,VARIANT_COMMON_SUPPORT
2021-07,2021-08,PDS_CORE_COMMON_ADAPTIVE,PDS Core · common support,0.011417184561598015,1.0492823096603903,0.0,VARIANT_COMMON_SUPPORT
2021-08,2021-09,PDS_CORE_COMMON_ADAPTIVE,PDS Core · common support,-0.039950505619515075,1.0073629508518451,-0.039950505619515075,VARIANT_COMMON_SUPPORT
2021-09,2021-10,PDS_CORE_COMMON_ADAPTIVE,PDS Core · common support,0.04422254858447938,1.0519111078880954,0.0,VARIANT_COMMON_SUPPORT
2021-10,2021-11,PDS_CORE_COMMON_ADAPTIVE,PDS Core · common support,-0.016192595708285573,1.0348779365970087,-0.016192595708285573,VARIANT_COMMON_SUPPORT
2021-11,2021-12,PDS_CORE_COMMON_ADAPTIVE,PDS Core · common support,0.02609262809813373,1.0618806217235983,0.0,VARIANT_COMMON_SUPPORT
2021-12,2022-01,PDS_CORE_COMMON_ADAPTIVE,PDS Core · common support,-0.03526910768766822,1.0244290397245805,-0.03526910768766833,VARIANT_COMMON_SUPPORT
2022-01,2022-02,PDS_CORE_COMMON_ADAPTIVE,PDS Core · common support,0.0033981725469462987,1.0279102263636672,-0.03199078565422153,VARIANT_COMMON_SUPPORT
2022-02,2022-03,PDS_CORE_COMMON_ADAPTIVE,PDS Core · common support,0.02073872686689393,1.0492277757919104,-0.011915506953267818,VARIANT_COMMON_SUPPORT
2022-03,2022-04,PDS_CORE_COMMON_ADAPTIVE,PDS Core · common support,-0.022489227348558183,1.0256314538017042,-0.034136763756980604,VARIANT_COMMON_SUPPORT
2022-04,2022-05,PDS_CORE_COMMON_ADAPTIVE,PDS Core · common support,-0.001260822075706436,1.0243383150232122,-0.03535454544734895,VARIANT_COMMON_SUPPORT
2022-05,2022-06,PDS_CORE_COMMON_ADAPTIVE,PDS Core · common support,-0.025658415504478227,0.9980554169191894,-0.06010581933476722,VARIANT_COMMON_SUPPORT
2022-06,2022-07,PDS_CORE_COMMON_ADAPTIVE,PDS Core · common support,0.016153665453324306,1.01417767022798,-0.04492308317877469,VARIANT_COMMON_SUPPORT
2022-07,2022-08,PDS_CORE_COMMON_ADAPTIVE,PDS Core · common support,-0.018382948766522467,0.995534094076028,-0.062480213208787605,VARIANT_COMMON_SUPPORT
2022-08,2022-09,PDS_CORE_COMMON_ADAPTIVE,PDS Core · common support,-0.03155866440624733,0.9641163676961052,-0.09206708553434795,VARIANT_COMMON_SUPPORT
2022-09,2022-10,PDS_CORE_COMMON_ADAPTIVE,PDS Core · common support,0.012670424663322688,0.976332131499675,-0.08056318994225986,VARIANT_COMMON_SUPPORT
2022-10,2022-11,PDS_CORE_COMMON_ADAPTIVE,PDS Core · common support,0.02077279890273731,0.9966132825295987,-0.061463913983156204,VARIANT_COMMON_SUPPORT
2022-11,2022-12,PDS_CORE_COMMON_ADAPTIVE,PDS Core · common support,-0.020632872794119073,0.976050287446236,-0.08082860965863214,VARIANT_COMMON_SUPPORT
2022-12,2023-01,PDS_CORE_COMMON_ADAPTIVE,PDS Core · common support,0.04439229091033936,1.0193793957496697,-0.04002448590213692,VARIANT_COMMON_SUPPORT
2023-01,2023-02,PDS_CORE_COMMON_ADAPTIVE,PDS Core · common support,-0.03111893271661459,0.9876573969206325,-0.06989789933494595,VARIANT_COMMON_SUPPORT
2023-02,2023-03,PDS_CORE_COMMON_ADAPTIVE,PDS Core · common support,0.025601251856602447,1.012942662687234,-0.04608612120346478,VARIANT_COMMON_SUPPORT
2023-03,2023-04,PDS_CORE_COMMON_ADAPTIVE,PDS Core · common support,0.00872724075477982,1.0217828571752932,-0.037761085123881655,VARIANT_COMMON_SUPPORT
2023-04,2023-05,PDS_CORE_COMMON_ADAPTIVE,PDS Core · common support,0.006973701858927761,1.028908466185797,-0.031050717814477435,VARIANT_COMMON_SUPPORT
2023-05,2023-06,PDS_CORE_COMMON_ADAPTIVE,PDS Core · common support,0.02207374812358398,1.0516203325106055,-0.009662375414986601,VARIANT_COMMON_SUPPORT
2023-06,2023-07,PDS_CORE_COMMON_ADAPTIVE,PDS Core · common support,0.02102707747994992,1.0737328347217967,0.0,VARIANT_COMMON_SUPPORT
2023-07,2023-08,PDS_CORE_COMMON_ADAPTIVE,PDS Core · common support,-0.01707948037263718,1.0553940358457097,-0.01707948037263718,VARIANT_COMMON_SUPPORT
2023-08,2023-09,PDS_CORE_COMMON_ADAPTIVE,PDS Core · common support,-0.023579909539490296,1.0305079399519503,-0.04025665730995909,VARIANT_COMMON_SUPPORT
2023-09,2023-10,PDS_CORE_COMMON_ADAPTIVE,PDS Core · common support,-0.005612617070240633,1.0247240934971575,-0.04564332917819103,VARIANT_COMMON_SUPPORT
2023-10,2023-11,PDS_CORE_COMMON_ADAPTIVE,PDS Core · common support,0.036203284166321126,1.061822471046111,-0.011092483428404853,VARIANT_COMMON_SUPPORT
2023-11,2023-12,PDS_CORE_COMMON_ADAPTIVE,PDS Core · common support,0.04452240936940233,1.1090973657796563,0.0,VARIANT_COMMON_SUPPORT
2023-12,2024-01,PDS_CORE_COMMON_ADAPTIVE,PDS Core · common support,-0.011371657413703828,1.0964850904975687,-0.011371657413703828,VARIANT_COMMON_SUPPORT
2024-01,2024-02,PDS_CORE_COMMON_ADAPTIVE,PDS Core · common support,0.02320315408868212,1.1219270030083264,0.0,VARIANT_COMMON_SUPPORT
2024-02,2024-03,PDS_CORE_COMMON_ADAPTIVE,PDS Core · common support,0.02721716256413642,1.1524626726342984,0.0,VARIANT_COMMON_SUPPORT
2024-03,2024-04,PDS_CORE_COMMON_ADAPTIVE,PDS Core · common support,-0.033661535790750596,1.1136690091319148,-0.033661535790750596,VARIANT_COMMON_SUPPORT
2024-04,2024-05,PDS_CORE_COMMON_ADAPTIVE,PDS Core · common support,0.021886139792676174,1.138042924748547,-0.012512117076026952,VARIANT_COMMON_SUPPORT
2024-05,2024-06,PDS_CORE_COMMON_ADAPTIVE,PDS Core · common support,0.025374470565207252,1.1669201614445215,0.0,VARIANT_COMMON_SUPPORT
2024-06,2024-07,PDS_CORE_COMMON_ADAPTIVE,PDS Core · common support,0.008444477594168331,1.176774192602023,0.0,VARIANT_COMMON_SUPPORT
2024-07,2024-08,PDS_CORE_COMMON_ADAPTIVE,PDS Core · common support,0.01656412943136698,1.1962664326397752,0.0,VARIANT_COMMON_SUPPORT
2024-08,2024-09,PDS_CORE_COMMON_ADAPTIVE,PDS Core · common support,0.02627400497997745,1.2276971428483325,0.0,VARIANT_COMMON_SUPPORT
2024-09,2024-10,PDS_CORE_COMMON_ADAPTIVE,PDS Core · common support,-0.010298692110457752,1.2150534679692488,-0.010298692110457752,VARIANT_COMMON_SUPPORT
2024-10,2024-11,PDS_CORE_COMMON_ADAPTIVE,PDS Core · common support,0.025891560277969683,1.2465130980761308,0.0,VARIANT_COMMON_SUPPORT
2024-11,2024-12,PDS_CORE_COMMON_ADAPTIVE,PDS Core · common support,-0.022147750498061503,1.218905636987375,-0.022147750498061503,VARIANT_COMMON_SUPPORT
2024-12,2025-01,PDS_CORE_COMMON_ADAPTIVE,PDS Core · common support,0.0189953114462591,1.242059129185551,-0.0035731424703471237,VARIANT_COMMON_SUPPORT
2025-01,2025-02,PDS_CORE_COMMON_ADAPTIVE,PDS Core · common support,-0.0029412232842743746,1.2384059559543448,-0.006503856344789782,VARIANT_COMMON_SUPPORT
2025-02,2025-03,PDS_CORE_COMMON_ADAPTIVE,PDS Core · common support,-0.017649297051548163,1.2165489613673002,-0.024038364903728016,VARIANT_COMMON_SUPPORT
2025-03,2025-04,PDS_CORE_COMMON_ADAPTIVE,PDS Core · common support,0.0028328643993498215,1.2199952796100235,-0.021273597932532695,VARIANT_COMMON_SUPPORT
2025-04,2025-05,PDS_CORE_COMMON_ADAPTIVE,PDS Core · common support,0.0165736734883688,1.2402150830316312,-0.005052506110220567,VARIANT_COMMON_SUPPORT
2025-05,2025-06,PDS_CORE_COMMON_ADAPTIVE,PDS Core · common support,0.038937898407086946,1.2885064519376537,0.0,VARIANT_COMMON_SUPPORT
2025-06,2025-07,PDS_CORE_COMMON_ADAPTIVE,PDS Core · common support,0.0021595553427817826,1.2912890529301444,0.0,VARIANT_COMMON_SUPPORT
2025-07,2025-08,PDS_CORE_COMMON_ADAPTIVE,PDS Core · common support,0.02367799570917062,1.3218641895847234,0.0,VARIANT_COMMON_SUPPORT
2025-08,2025-09,PDS_CORE_COMMON_ADAPTIVE,PDS Core · common support,0.06420615921262596,1.406736012198669,0.0,VARIANT_COMMON_SUPPORT
2025-09,2025-10,PDS_CORE_COMMON_ADAPTIVE,PDS Core · common support,0.043872001505662395,1.4684523366439184,0.0,VARIANT_COMMON_SUPPORT
2025-10,2025-11,PDS_CORE_COMMON_ADAPTIVE,PDS Core · common support,-0.0005256318292036211,1.46768047135611,-0.00052563182920351,VARIANT_COMMON_SUPPORT
2025-11,2025-12,PDS_CORE_COMMON_ADAPTIVE,PDS Core · common support,0.019311241976111004,1.4960232040820804,0.0,VARIANT_COMMON_SUPPORT
2025-12,2026-01,PDS_CORE_COMMON_ADAPTIVE,PDS Core · common support,0.07604030082210067,1.6097812585573248,0.0,VARIANT_COMMON_SUPPORT
2026-01,2026-02,PDS_CORE_COMMON_ADAPTIVE,PDS Core · common support,0.05724477231840841,1.7019328201858799,0.0,VARIANT_COMMON_SUPPORT
2026-02,2026-03,PDS_CORE_COMMON_ADAPTIVE,PDS Core · common support,-0.07289478793511384,1.57787078817862,-0.07289478793511384,VARIANT_COMMON_SUPPORT
2026-03,2026-04,PDS_CORE_COMMON_ADAPTIVE,PDS Core · common support,0.0848285079920621,1.7117192129440715,0.0,VARIANT_COMMON_SUPPORT
2026-04,2026-05,PDS_CORE_COMMON_ADAPTIVE,PDS Core · common support,0.06520331277057889,1.823328976161073,0.0,VARIANT_COMMON_SUPPORT
2026-05,2026-06,PDS_CORE_COMMON_ADAPTIVE,PDS Core · common support,-0.02181115796229849,1.7835600598447878,-0.02181115796229849,VARIANT_COMMON_SUPPORT
2026-06,2026-07,PDS_CORE_COMMON_ADAPTIVE,PDS Core · common support,-0.04612361883758587,1.701295815470565,-0.06692876726362484,VARIANT_COMMON_SUPPORT
2026-07,2026-08,PDS_CORE_COMMON_ADAPTIVE,PDS Core · common support,0.04959273923979102,1.7856677352169443,-0.02065520892637951,VARIANT_COMMON_SUPPORT
2021-04,2021-05,PDS_ADAPTIVE,PDS Adaptive · USD,0.01803176195680889,1.018031761956809,0.0,VARIANT_COMMON_SUPPORT
2021-05,2021-06,PDS_ADAPTIVE,PDS Adaptive · USD,0.009445235511064798,1.0276473117062352,0.0,VARIANT_COMMON_SUPPORT
2021-06,2021-07,PDS_ADAPTIVE,PDS Adaptive · USD,0.009867164527133987,1.0377872768067076,0.0,VARIANT_COMMON_SUPPORT
2021-07,2021-08,PDS_ADAPTIVE,PDS Adaptive · USD,0.012739480546198001,1.0510081476306785,0.0,VARIANT_COMMON_SUPPORT
2021-08,2021-09,PDS_ADAPTIVE,PDS Adaptive · USD,-0.04240757485586777,1.0064374409359036,-0.04240757485586777,VARIANT_COMMON_SUPPORT
2021-09,2021-10,PDS_ADAPTIVE,PDS Adaptive · USD,0.046499351779718756,1.053236129546262,0.0,VARIANT_COMMON_SUPPORT
2021-10,2021-11,PDS_ADAPTIVE,PDS Adaptive · USD,-0.015632557506537137,1.0367713551831674,-0.015632557506537137,VARIANT_COMMON_SUPPORT
2021-11,2021-12,PDS_ADAPTIVE,PDS Adaptive · USD,0.029179196786883743,1.0670235105790613,0.0,VARIANT_COMMON_SUPPORT
2021-12,2022-01,PDS_ADAPTIVE,PDS Adaptive · USD,-0.03579133270980428,1.0288333171027428,-0.03579133270980417,VARIANT_COMMON_SUPPORT
2022-01,2022-02,PDS_ADAPTIVE,PDS Adaptive · USD,0.0006661504485796499,1.0295186748784446,-0.0351490246735644,VARIANT_COMMON_SUPPORT
2022-02,2022-03,PDS_ADAPTIVE,PDS Adaptive · USD,0.027419777062118955,1.0577478474248998,-0.008693026031945328,VARIANT_COMMON_SUPPORT
2022-03,2022-04,PDS_ADAPTIVE,PDS Adaptive · USD,-0.02430655646408697,1.0320376396467,-0.03278828496794317,VARIANT_COMMON_SUPPORT
2022-04,2022-05,PDS_ADAPTIVE,PDS Adaptive · USD,-0.0024155068340310226,1.029544745675156,-0.03512459147555791,VARIANT_COMMON_SUPPORT
2022-05,2022-06,PDS_ADAPTIVE,PDS Adaptive · USD,-0.03426805033945446,0.994264254503639,-0.06818899054617522,VARIANT_COMMON_SUPPORT
2022-06,2022-07,PDS_ADAPTIVE,PDS Adaptive · USD,0.025064210858497304,1.0191847034275847,-0.04483388292495549,VARIANT_COMMON_SUPPORT
2022-07,2022-08,PDS_ADAPTIVE,PDS Adaptive · USD,-0.023393209459160236,0.9953427021827311,-0.06717828396998471,VARIANT_COMMON_SUPPORT
2022-08,2022-09,PDS_ADAPTIVE,PDS Adaptive · USD,-0.04387621548241516,0.9516708313029122,-0.10810697058919405,VARIANT_COMMON_SUPPORT
2022-09,2022-10,PDS_ADAPTIVE,PDS Adaptive · USD,0.021444909216205676,0.9720793258839141,-0.08898040554291264,VARIANT_COMMON_SUPPORT
2022-10,2022-11,PDS_ADAPTIVE,PDS Adaptive · USD,0.02445763937555645,0.9958540914808169,-0.06669901683761548,VARIANT_COMMON_SUPPORT
2022-11,2022-12,PDS_ADAPTIVE,PDS Adaptive · USD,-0.025801685127970653,0.9701593777790276,-0.09077975493479673,VARIANT_COMMON_SUPPORT
2022-12,2023-01,PDS_ADAPTIVE,PDS Adaptive · USD,0.0547842599462125,1.0233088413205296,-0.04096879668078568,VARIANT_COMMON_SUPPORT
2023-01,2023-02,PDS_ADAPTIVE,PDS Adaptive · USD,-0.03169171296353501,0.9908784312483517,-0.07136213829945182,VARIANT_COMMON_SUPPORT
2023-02,2023-03,PDS_ADAPTIVE,PDS Adaptive · USD,0.024044445944757742,1.0147035541263292,-0.049033555431537534,VARIANT_COMMON_SUPPORT
2023-03,2023-04,PDS_ADAPTIVE,PDS Adaptive · USD,0.008387978012476927,1.023214865227523,-0.04105686980389389,VARIANT_COMMON_SUPPORT
2023-04,2023-05,PDS_ADAPTIVE,PDS Adaptive · USD,0.007275157334518001,1.030658914359071,-0.03408040765686193,VARIANT_COMMON_SUPPORT
2023-05,2023-06,PDS_ADAPTIVE,PDS Adaptive · USD,0.027348213109636976,1.05884559399231,-0.007664232798687998,VARIANT_COMMON_SUPPORT
2023-06,2023-07,PDS_ADAPTIVE,PDS Adaptive · USD,0.02574581138544163,1.086106432941542,0.0,VARIANT_COMMON_SUPPORT
2023-07,2023-08,PDS_ADAPTIVE,PDS Adaptive · USD,-0.020799859700935563,1.0635155715160742,-0.020799859700935674,VARIANT_COMMON_SUPPORT
2023-08,2023-09,PDS_ADAPTIVE,PDS Adaptive · USD,-0.028538477685341124,1.03316445611035,-0.048744741054343455,VARIANT_COMMON_SUPPORT
2023-09,2023-10,PDS_ADAPTIVE,PDS Adaptive · USD,-0.012162229329486074,1.0205988730600621,-0.0603141256645201,VARIANT_COMMON_SUPPORT
2023-10,2023-11,PDS_ADAPTIVE,PDS Adaptive · USD,0.04963286432029124,1.0712541184520943,-0.013674824159933041,VARIANT_COMMON_SUPPORT
2023-11,2023-12,PDS_ADAPTIVE,PDS Adaptive · USD,0.050179444630879866,1.125009055174563,0.0,VARIANT_COMMON_SUPPORT
2023-12,2024-01,PDS_ADAPTIVE,PDS Adaptive · USD,-0.011722800295291935,1.1118207986903565,-0.011722800295291935,VARIANT_COMMON_SUPPORT
2024-01,2024-02,PDS_ADAPTIVE,PDS Adaptive · USD,0.028644880732355604,1.1436687728645942,0.0,VARIANT_COMMON_SUPPORT
2024-02,2024-03,PDS_ADAPTIVE,PDS Adaptive · USD,0.02679734302567316,1.1743160572787974,0.0,VARIANT_COMMON_SUPPORT
2024-03,2024-04,PDS_ADAPTIVE,PDS Adaptive · USD,-0.03738689668161421,1.1304120241737545,-0.0373868966816141,VARIANT_COMMON_SUPPORT
2024-04,2024-05,PDS_ADAPTIVE,PDS Adaptive · USD,0.02524441351012907,1.1589486127488189,-0.013086293451176179,VARIANT_COMMON_SUPPORT
2024-05,2024-06,PDS_ADAPTIVE,PDS Adaptive · USD,0.02598797821928933,1.1890673440542108,0.0,VARIANT_COMMON_SUPPORT
2024-06,2024-07,PDS_ADAPTIVE,PDS Adaptive · USD,0.012858234875796404,1.2043566512471993,0.0,VARIANT_COMMON_SUPPORT
2024-07,2024-08,PDS_ADAPTIVE,PDS Adaptive · USD,0.015345382578909605,1.222837964822042,0.0,VARIANT_COMMON_SUPPORT
2024-08,2024-09,PDS_ADAPTIVE,PDS Adaptive · USD,0.02412778597526355,1.2523423375196951,0.0,VARIANT_COMMON_SUPPORT
2024-09,2024-10,PDS_ADAPTIVE,PDS Adaptive · USD,-0.007264623602840414,1.2432445418157132,-0.007264623602840414,VARIANT_COMMON_SUPPORT
2024-10,2024-11,PDS_ADAPTIVE,PDS Adaptive · USD,0.03167619735455296,1.2826258012822385,0.0,VARIANT_COMMON_SUPPORT
2024-11,2024-12,PDS_ADAPTIVE,PDS Adaptive · USD,-0.023681705520793517,1.2522510347629006,-0.023681705520793628,VARIANT_COMMON_SUPPORT
2024-12,2025-01,PDS_ADAPTIVE,PDS Adaptive · USD,0.021703120908180162,1.2794287903777535,-0.0024925515308431567,VARIANT_COMMON_SUPPORT
2025-01,2025-02,PDS_ADAPTIVE,PDS Adaptive · USD,-0.005547492388198738,1.2723311689018906,-0.00802621650839741,VARIANT_COMMON_SUPPORT
2025-02,2025-03,PDS_ADAPTIVE,PDS Adaptive · USD,-0.019208588914424785,1.2478914825154446,-0.027080633129374143,VARIANT_COMMON_SUPPORT
2025-03,2025-04,PDS_ADAPTIVE,PDS Adaptive · USD,0.0038475438825245067,1.2526927997550512,-0.023337283171181555,VARIANT_COMMON_SUPPORT
2025-04,2025-05,PDS_ADAPTIVE,PDS Adaptive · USD,0.022292440841185535,1.2806183798857698,-0.0015650873344835725,VARIANT_COMMON_SUPPORT
2025-05,2025-06,PDS_ADAPTIVE,PDS Adaptive · USD,0.039754987835081135,1.3315293479995098,0.0,VARIANT_COMMON_SUPPORT
2025-06,2025-07,PDS_ADAPTIVE,PDS Adaptive · USD,0.004200216506888843,1.3371220595463844,0.0,VARIANT_COMMON_SUPPORT
2025-07,2025-08,PDS_ADAPTIVE,PDS Adaptive · USD,0.022996393394054016,1.3678710444435809,0.0,VARIANT_COMMON_SUPPORT
2025-08,2025-09,PDS_ADAPTIVE,PDS Adaptive · USD,0.06663036044569104,1.4590127851780805,0.0,VARIANT_COMMON_SUPPORT
2025-09,2025-10,PDS_ADAPTIVE,PDS Adaptive · USD,0.043065105429920925,1.5218453245953771,0.0,VARIANT_COMMON_SUPPORT
2025-10,2025-11,PDS_ADAPTIVE,PDS Adaptive · USD,-0.0011874521039217933,1.5200382061628428,-0.0011874521039217933,VARIANT_COMMON_SUPPORT
2025-11,2025-12,PDS_ADAPTIVE,PDS Adaptive · USD,0.020140811749118193,1.550653009524636,0.0,VARIANT_COMMON_SUPPORT
2025-12,2026-01,PDS_ADAPTIVE,PDS Adaptive · USD,0.07501568451168139,1.6669763064742253,0.0,VARIANT_COMMON_SUPPORT
2026-01,2026-02,PDS_ADAPTIVE,PDS Adaptive · USD,0.05250463550383677,1.7545002898391866,0.0,VARIANT_COMMON_SUPPORT
2026-02,2026-03,PDS_ADAPTIVE,PDS Adaptive · USD,-0.07517036106674646,1.6226138695602637,-0.07517036106674646,VARIANT_COMMON_SUPPORT
2026-03,2026-04,PDS_ADAPTIVE,PDS Adaptive · USD,0.09366032885491671,1.7745884181878269,0.0,VARIANT_COMMON_SUPPORT
2026-04,2026-05,PDS_ADAPTIVE,PDS Adaptive · USD,0.06808223596312324,1.8954063656123161,0.0,VARIANT_COMMON_SUPPORT
2026-05,2026-06,PDS_ADAPTIVE,PDS Adaptive · USD,-0.007600247294023754,1.8810008085109957,-0.007600247294023754,VARIANT_COMMON_SUPPORT
2026-06,2026-07,PDS_ADAPTIVE,PDS Adaptive · USD,-0.026825602890865774,1.8305418277844823,-0.034221968969107674,VARIANT_COMMON_SUPPORT
2026-07,2026-08,PDS_ADAPTIVE,PDS Adaptive · USD,0.05250952632104067,1.9266627120722974,0.0,VARIANT_COMMON_SUPPORT
