holding_month,dynamic_fx_5bp,pds_core,f2r,adaa,dynamic_fx_layer_status
2026-09,-0.008810620202306274,-0.004965603135423824,-0.0007589648480446076,-0.005403611163649402,HISTORICAL_DELAYED_NON_CANONICAL_SPOT_SENSITIVITY
2026-08,0.027129881113824528,0.04959272956460126,0.09694349643809308,0.04437252262037705,HISTORICAL_DELAYED_NON_CANONICAL_SPOT_SENSITIVITY
2026-07,-0.053625831246848055,-0.0461236119717493,-0.07173190963320608,-0.0432705137864402,HISTORICAL_DELAYED_NON_CANONICAL_SPOT_SENSITIVITY
2026-06,-0.0046462965869710215,-0.021811167152628985,-0.03191398450198579,-0.020697807495675402,HISTORICAL_DELAYED_NON_CANONICAL_SPOT_SENSITIVITY
2026-05,0.07262419593765235,0.06520334022444874,0.0824134747624814,0.06328155034303795,HISTORICAL_DELAYED_NON_CANONICAL_SPOT_SENSITIVITY
2026-04,0.07408959174332752,0.08482849280607052,0.1379985660180867,0.07894705943836522,HISTORICAL_DELAYED_NON_CANONICAL_SPOT_SENSITIVITY
2026-03,-0.050207568085534726,-0.07289480181570562,-0.08649244012688573,-0.07137572161330275,HISTORICAL_DELAYED_NON_CANONICAL_SPOT_SENSITIVITY
2026-02,0.05830127298525212,0.05724480595951609,0.028826068408523975,0.06040572938077582,HISTORICAL_DELAYED_NON_CANONICAL_SPOT_SENSITIVITY
2026-01,0.07233919540698319,0.07604030143043627,0.06981909434603839,0.07672064167799775,HISTORICAL_DELAYED_NON_CANONICAL_SPOT_SENSITIVITY
2025-12,0.010897629021480837,0.01931124064694445,0.024267370944315747,0.018757408014665966,HISTORICAL_DELAYED_NON_CANONICAL_SPOT_SENSITIVITY
2025-11,0.012334677920011972,-0.0005256254083786382,-0.0044923962881304735,-8.42627813264496e-05,HISTORICAL_DELAYED_NON_CANONICAL_SPOT_SENSITIVITY
2025-10,0.051374573431834936,0.04387198902668055,0.03904010079664011,0.04441027318151436,HISTORICAL_DELAYED_NON_CANONICAL_SPOT_SENSITIVITY
