signal_period,holding_month,series_id,display_name,net_return,cumulative_wealth,drawdown,layer_status
2017-04,2017-05,CORE_USD,PDS Core · USD,0.02966882320641595,1.029668823206416,0.0,HISTORICAL_DELAYED_NON_CANONICAL_SPOT_SENSITIVITY
2017-05,2017-06,CORE_USD,PDS Core · USD,-0.004776392775500793,1.0247507204780943,-0.004776392775500904,HISTORICAL_DELAYED_NON_CANONICAL_SPOT_SENSITIVITY
2017-06,2017-07,CORE_USD,PDS Core · USD,0.020667402203414786,1.0459296557764541,0.0,HISTORICAL_DELAYED_NON_CANONICAL_SPOT_SENSITIVITY
2017-07,2017-08,CORE_USD,PDS Core · USD,0.010098892741538412,1.0564923871853347,0.0,HISTORICAL_DELAYED_NON_CANONICAL_SPOT_SENSITIVITY
2017-08,2017-09,CORE_USD,PDS Core · USD,0.0023368372008485405,1.0589612378981226,0.0,HISTORICAL_DELAYED_NON_CANONICAL_SPOT_SENSITIVITY
2017-09,2017-10,CORE_USD,PDS Core · USD,0.019897339834159755,1.080031749519784,0.0,HISTORICAL_DELAYED_NON_CANONICAL_SPOT_SENSITIVITY
2017-10,2017-11,CORE_USD,PDS Core · USD,0.008995513471973249,1.089747189672748,0.0,HISTORICAL_DELAYED_NON_CANONICAL_SPOT_SENSITIVITY
2017-11,2017-12,CORE_USD,PDS Core · USD,0.012487203792212132,1.103355084912182,0.0,HISTORICAL_DELAYED_NON_CANONICAL_SPOT_SENSITIVITY
2017-12,2018-01,CORE_USD,PDS Core · USD,0.05378723515779393,1.1627015043269013,0.0,HISTORICAL_DELAYED_NON_CANONICAL_SPOT_SENSITIVITY
2018-01,2018-02,CORE_USD,PDS Core · USD,-0.0382125179598245,1.1182717522108947,-0.0382125179598245,HISTORICAL_DELAYED_NON_CANONICAL_SPOT_SENSITIVITY
2018-02,2018-03,CORE_USD,PDS Core · USD,-0.006031770922812818,1.1115265931721061,-0.044013799727919745,HISTORICAL_DELAYED_NON_CANONICAL_SPOT_SENSITIVITY
2018-03,2018-04,CORE_USD,PDS Core · USD,0.006470702507939796,1.1187189510861866,-0.0378278974242634,HISTORICAL_DELAYED_NON_CANONICAL_SPOT_SENSITIVITY
2018-04,2018-05,CORE_USD,PDS Core · USD,0.009902257288365801,1.1297967939732128,-0.028300221708870477,HISTORICAL_DELAYED_NON_CANONICAL_SPOT_SENSITIVITY
2018-05,2018-06,CORE_USD,PDS Core · USD,-0.0026961864048627993,1.1267506512170447,-0.030920105440707224,HISTORICAL_DELAYED_NON_CANONICAL_SPOT_SENSITIVITY
2018-06,2018-07,CORE_USD,PDS Core · USD,0.008622517475191716,1.1364660783973473,-0.022564197115012785,HISTORICAL_DELAYED_NON_CANONICAL_SPOT_SENSITIVITY
2018-07,2018-08,CORE_USD,PDS Core · USD,0.024559129060546914,1.1643766954896413,0.0,HISTORICAL_DELAYED_NON_CANONICAL_SPOT_SENSITIVITY
2018-08,2018-09,CORE_USD,PDS Core · USD,-0.0031835397255105535,1.1606698560240913,-0.0031835397255105535,HISTORICAL_DELAYED_NON_CANONICAL_SPOT_SENSITIVITY
2018-09,2018-10,CORE_USD,PDS Core · USD,-0.03632629188113079,1.1185070240565302,-0.03939418541335715,HISTORICAL_DELAYED_NON_CANONICAL_SPOT_SENSITIVITY
2018-10,2018-11,CORE_USD,PDS Core · USD,0.00367488423119422,1.1226174078817155,-0.03586407025293925,HISTORICAL_DELAYED_NON_CANONICAL_SPOT_SENSITIVITY
2018-11,2018-12,CORE_USD,PDS Core · USD,-0.014610134307198486,1.1062158167769647,-0.04995022567693952,HISTORICAL_DELAYED_NON_CANONICAL_SPOT_SENSITIVITY
2018-12,2019-01,CORE_USD,PDS Core · USD,0.01998804268293708,1.1283269057392427,-0.03096059023685549,HISTORICAL_DELAYED_NON_CANONICAL_SPOT_SENSITIVITY
2019-01,2019-02,CORE_USD,PDS Core · USD,0.0026675152061141905,1.1313367349177699,-0.02837566287598836,HISTORICAL_DELAYED_NON_CANONICAL_SPOT_SENSITIVITY
2019-02,2019-03,CORE_USD,PDS Core · USD,0.017334294014237805,1.1509476585099423,-0.011533240944891832,HISTORICAL_DELAYED_NON_CANONICAL_SPOT_SENSITIVITY
2019-03,2019-04,CORE_USD,PDS Core · USD,0.017079610857050342,1.1706053966341254,0.0,HISTORICAL_DELAYED_NON_CANONICAL_SPOT_SENSITIVITY
2019-04,2019-05,CORE_USD,PDS Core · USD,-0.036472775942673064,1.1279101682854051,-0.03647277594267295,HISTORICAL_DELAYED_NON_CANONICAL_SPOT_SENSITIVITY
2019-05,2019-06,CORE_USD,PDS Core · USD,0.03418070799639694,1.1664629363937355,-0.003538733250590509,HISTORICAL_DELAYED_NON_CANONICAL_SPOT_SENSITIVITY
2019-06,2019-07,CORE_USD,PDS Core · USD,0.005419948629797888,1.172785105587553,0.0,HISTORICAL_DELAYED_NON_CANONICAL_SPOT_SENSITIVITY
2019-07,2019-08,CORE_USD,PDS Core · USD,0.030780719976933657,1.2088842755157618,0.0,HISTORICAL_DELAYED_NON_CANONICAL_SPOT_SENSITIVITY
2019-08,2019-09,CORE_USD,PDS Core · USD,-0.006705711847926454,1.2007778459066638,-0.006705711847926454,HISTORICAL_DELAYED_NON_CANONICAL_SPOT_SENSITIVITY
2019-09,2019-10,CORE_USD,PDS Core · USD,0.01618888897049553,1.2202171051322777,0.0,HISTORICAL_DELAYED_NON_CANONICAL_SPOT_SENSITIVITY
2019-10,2019-11,CORE_USD,PDS Core · USD,0.009057178024890922,1.2312688286824778,0.0,HISTORICAL_DELAYED_NON_CANONICAL_SPOT_SENSITIVITY
2019-11,2019-12,CORE_USD,PDS Core · USD,0.02724549138931809,1.264815352952282,0.0,HISTORICAL_DELAYED_NON_CANONICAL_SPOT_SENSITIVITY
2019-12,2020-01,CORE_USD,PDS Core · USD,0.002138884697216792,1.2675206471555165,0.0,HISTORICAL_DELAYED_NON_CANONICAL_SPOT_SENSITIVITY
2020-01,2020-02,CORE_USD,PDS Core · USD,-0.0107096726467103,1.2539459159515345,-0.0107096726467103,HISTORICAL_DELAYED_NON_CANONICAL_SPOT_SENSITIVITY
2020-02,2020-03,CORE_USD,PDS Core · USD,-0.02227080223514677,1.2260195344438078,-0.032741961880339066,HISTORICAL_DELAYED_NON_CANONICAL_SPOT_SENSITIVITY
2020-03,2020-04,CORE_USD,PDS Core · USD,0.060629107569922125,1.3003520046804273,0.0,HISTORICAL_DELAYED_NON_CANONICAL_SPOT_SENSITIVITY
2020-04,2020-05,CORE_USD,PDS Core · USD,0.02164270245473987,1.3284951362041504,0.0,HISTORICAL_DELAYED_NON_CANONICAL_SPOT_SENSITIVITY
2020-05,2020-06,CORE_USD,PDS Core · USD,0.025265027848110577,1.3620596028164278,0.0,HISTORICAL_DELAYED_NON_CANONICAL_SPOT_SENSITIVITY
2020-06,2020-07,CORE_USD,PDS Core · USD,0.058765310512086666,1.4421014583119045,0.0,HISTORICAL_DELAYED_NON_CANONICAL_SPOT_SENSITIVITY
2020-07,2020-08,CORE_USD,PDS Core · USD,0.043750547537088735,1.5051941867170844,0.0,HISTORICAL_DELAYED_NON_CANONICAL_SPOT_SENSITIVITY
2020-08,2020-09,CORE_USD,PDS Core · USD,-0.031136440757485784,1.458327797093856,-0.031136440757485784,HISTORICAL_DELAYED_NON_CANONICAL_SPOT_SENSITIVITY
2020-09,2020-10,CORE_USD,PDS Core · USD,-0.01722625023582891,1.433206277535252,-0.04782632687337307,HISTORICAL_DELAYED_NON_CANONICAL_SPOT_SENSITIVITY
2020-10,2020-11,CORE_USD,PDS Core · USD,0.07480600064521914,1.5404187072572864,0.0,HISTORICAL_DELAYED_NON_CANONICAL_SPOT_SENSITIVITY
2020-11,2020-12,CORE_USD,PDS Core · USD,0.05305617857756162,1.6221474372737457,0.0,HISTORICAL_DELAYED_NON_CANONICAL_SPOT_SENSITIVITY
2020-12,2021-01,CORE_USD,PDS Core · USD,0.0050082318898379,1.6302715277991189,0.0,HISTORICAL_DELAYED_NON_CANONICAL_SPOT_SENSITIVITY
2021-01,2021-02,CORE_USD,PDS Core · USD,0.013774171453378559,1.6527271673385853,0.0,HISTORICAL_DELAYED_NON_CANONICAL_SPOT_SENSITIVITY
2021-02,2021-03,CORE_USD,PDS Core · USD,0.012107231884997294,1.6727371183961883,0.0,HISTORICAL_DELAYED_NON_CANONICAL_SPOT_SENSITIVITY
2021-03,2021-04,CORE_USD,PDS Core · USD,0.03875506413551544,1.7375641527014898,0.0,HISTORICAL_DELAYED_NON_CANONICAL_SPOT_SENSITIVITY
2021-04,2021-05,CORE_USD,PDS Core · USD,0.016615101082448458,1.766433956735864,0.0,HISTORICAL_DELAYED_NON_CANONICAL_SPOT_SENSITIVITY
2021-05,2021-06,CORE_USD,PDS Core · USD,0.00982655766002094,1.7837919218643479,0.0,HISTORICAL_DELAYED_NON_CANONICAL_SPOT_SENSITIVITY
2021-06,2021-07,CORE_USD,PDS Core · USD,0.010552028119431789,1.8026145443830757,0.0,HISTORICAL_DELAYED_NON_CANONICAL_SPOT_SENSITIVITY
2021-07,2021-08,CORE_USD,PDS Core · USD,0.011417184561598015,1.8231953273297181,0.0,HISTORICAL_DELAYED_NON_CANONICAL_SPOT_SENSITIVITY
2021-08,2021-09,CORE_USD,PDS Core · USD,-0.039950505619515075,1.7503577521597586,-0.039950505619515075,HISTORICAL_DELAYED_NON_CANONICAL_SPOT_SENSITIVITY
2021-09,2021-10,CORE_USD,PDS Core · USD,0.04422254858447938,1.8277630328948637,0.0,HISTORICAL_DELAYED_NON_CANONICAL_SPOT_SENSITIVITY
2021-10,2021-11,CORE_USD,PDS Core · USD,-0.016192595708285573,1.7981668050526474,-0.016192595708285573,HISTORICAL_DELAYED_NON_CANONICAL_SPOT_SENSITIVITY
2021-11,2021-12,CORE_USD,PDS Core · USD,0.02609262809813373,1.8450857027552954,0.0,HISTORICAL_DELAYED_NON_CANONICAL_SPOT_SENSITIVITY
2021-12,2022-01,CORE_USD,PDS Core · USD,-0.03526910768766822,1.7800111764118418,-0.03526910768766822,HISTORICAL_DELAYED_NON_CANONICAL_SPOT_SENSITIVITY
2022-01,2022-02,CORE_USD,PDS Core · USD,0.0033981725469462987,1.786059961524782,-0.03199078565422153,HISTORICAL_DELAYED_NON_CANONICAL_SPOT_SENSITIVITY
2022-02,2022-03,CORE_USD,PDS Core · USD,0.02073872686689393,1.8231005712347397,-0.011915506953267818,HISTORICAL_DELAYED_NON_CANONICAL_SPOT_SENSITIVITY
2022-03,2022-04,CORE_USD,PDS Core · USD,-0.022489227348558183,1.7821004480089553,-0.034136763756980604,HISTORICAL_DELAYED_NON_CANONICAL_SPOT_SENSITIVITY
2022-04,2022-05,CORE_USD,PDS Core · USD,-0.001260822075706436,1.7798535364229793,-0.03535454544734906,HISTORICAL_DELAYED_NON_CANONICAL_SPOT_SENSITIVITY
2022-05,2022-06,CORE_USD,PDS Core · USD,-0.025658415504478227,1.7341853148483235,-0.06010581933476722,HISTORICAL_DELAYED_NON_CANONICAL_SPOT_SENSITIVITY
2022-06,2022-07,CORE_USD,PDS Core · USD,0.016153665453324306,1.7621987642584511,-0.0449230831787748,HISTORICAL_DELAYED_NON_CANONICAL_SPOT_SENSITIVITY
2022-07,2022-08,CORE_USD,PDS Core · USD,-0.018382948766522467,1.7298043546586588,-0.062480213208787605,HISTORICAL_DELAYED_NON_CANONICAL_SPOT_SENSITIVITY
2022-08,2022-09,CORE_USD,PDS Core · USD,-0.03155866440624733,1.675214039541521,-0.09206708553434806,HISTORICAL_DELAYED_NON_CANONICAL_SPOT_SENSITIVITY
2022-09,2022-10,CORE_USD,PDS Core · USD,0.012670424663322688,1.6964397128244721,-0.08056318994226008,HISTORICAL_DELAYED_NON_CANONICAL_SPOT_SENSITIVITY
2022-10,2022-11,CORE_USD,PDS Core · USD,0.02077279890273731,1.7316795138295924,-0.061463913983156315,HISTORICAL_DELAYED_NON_CANONICAL_SPOT_SENSITIVITY
2022-11,2022-12,CORE_USD,PDS Core · USD,-0.020632872794119073,1.6959499907005644,-0.08082860965863226,HISTORICAL_DELAYED_NON_CANONICAL_SPOT_SENSITIVITY
2022-12,2023-01,CORE_USD,PDS Core · USD,0.04439229091033936,1.771237096057131,-0.04002448590213725,HISTORICAL_DELAYED_NON_CANONICAL_SPOT_SENSITIVITY
2023-01,2023-02,CORE_USD,PDS Core · USD,-0.03111893271661459,1.7161180880397575,-0.06989789933494606,HISTORICAL_DELAYED_NON_CANONICAL_SPOT_SENSITIVITY
2023-02,2023-03,CORE_USD,PDS Core · USD,0.025601251856602447,1.7600528594273344,-0.046086121203465,HISTORICAL_DELAYED_NON_CANONICAL_SPOT_SENSITIVITY
2023-03,2023-04,CORE_USD,PDS Core · USD,0.00872724075477982,1.7754132644726954,-0.037761085123881766,HISTORICAL_DELAYED_NON_CANONICAL_SPOT_SENSITIVITY
2023-04,2023-05,CORE_USD,PDS Core · USD,0.006973701858927761,1.7877944672555137,-0.031050717814477546,HISTORICAL_DELAYED_NON_CANONICAL_SPOT_SENSITIVITY
2023-05,2023-06,CORE_USD,PDS Core · USD,0.02207374812358398,1.8272577920224489,-0.009662375414986824,HISTORICAL_DELAYED_NON_CANONICAL_SPOT_SENSITIVITY
2023-06,2023-07,CORE_USD,PDS Core · USD,0.02102707747994992,1.865679683191147,0.0,HISTORICAL_DELAYED_NON_CANONICAL_SPOT_SENSITIVITY
2023-07,2023-08,CORE_USD,PDS Core · USD,-0.01707948037263718,1.833814843660456,-0.01707948037263718,HISTORICAL_DELAYED_NON_CANONICAL_SPOT_SENSITIVITY
2023-08,2023-09,CORE_USD,PDS Core · USD,-0.023579909539490296,1.790573655534768,-0.04025665730995909,HISTORICAL_DELAYED_NON_CANONICAL_SPOT_SENSITIVITY
2023-09,2023-10,CORE_USD,PDS Core · USD,-0.005612617070240633,1.7805238512701904,-0.04564332917819103,HISTORICAL_DELAYED_NON_CANONICAL_SPOT_SENSITIVITY
2023-10,2023-11,CORE_USD,PDS Core · USD,0.036203284166321126,1.8449846622226376,-0.011092483428404853,HISTORICAL_DELAYED_NON_CANONICAL_SPOT_SENSITIVITY
2023-11,2023-12,CORE_USD,PDS Core · USD,0.04452240936940233,1.9271278246343824,0.0,HISTORICAL_DELAYED_NON_CANONICAL_SPOT_SENSITIVITY
2023-12,2024-01,CORE_USD,PDS Core · USD,-0.011371657413703828,1.9052131872202238,-0.011371657413703828,HISTORICAL_DELAYED_NON_CANONICAL_SPOT_SENSITIVITY
2024-01,2024-02,CORE_USD,PDS Core · USD,0.02320315408868212,1.9494201423750839,0.0,HISTORICAL_DELAYED_NON_CANONICAL_SPOT_SENSITIVITY
2024-02,2024-03,CORE_USD,PDS Core · USD,0.02721716256413642,2.0024778272959085,0.0,HISTORICAL_DELAYED_NON_CANONICAL_SPOT_SENSITIVITY
2024-03,2024-04,CORE_USD,PDS Core · USD,-0.033661535790750596,1.9350713482422028,-0.033661535790750596,HISTORICAL_DELAYED_NON_CANONICAL_SPOT_SENSITIVITY
2024-04,2024-05,CORE_USD,PDS Core · USD,0.021886139792676174,1.977422590278634,-0.012512117076026952,HISTORICAL_DELAYED_NON_CANONICAL_SPOT_SENSITIVITY
2024-05,2024-06,CORE_USD,PDS Core · USD,0.025374470565207252,2.027598641590635,0.0,HISTORICAL_DELAYED_NON_CANONICAL_SPOT_SENSITIVITY
2024-06,2024-07,CORE_USD,PDS Core · USD,0.008444477594168331,2.0447206528895134,0.0,HISTORICAL_DELAYED_NON_CANONICAL_SPOT_SENSITIVITY
2024-07,2024-08,CORE_USD,PDS Core · USD,0.01656412943136698,2.0785896704349645,0.0,HISTORICAL_DELAYED_NON_CANONICAL_SPOT_SENSITIVITY
2024-08,2024-09,CORE_USD,PDS Core · USD,0.02627400497997745,2.1332025457873023,0.0,HISTORICAL_DELAYED_NON_CANONICAL_SPOT_SENSITIVITY
2024-09,2024-10,CORE_USD,PDS Core · USD,-0.010298692110457752,2.111233349558994,-0.010298692110457752,HISTORICAL_DELAYED_NON_CANONICAL_SPOT_SENSITIVITY
2024-10,2024-11,CORE_USD,PDS Core · USD,0.025891560277969683,2.1658964750899607,0.0,HISTORICAL_DELAYED_NON_CANONICAL_SPOT_SENSITIVITY
2024-11,2024-12,CORE_USD,PDS Core · USD,-0.022147750498061503,2.1179267403550375,-0.022147750498061503,HISTORICAL_DELAYED_NON_CANONICAL_SPOT_SENSITIVITY
2024-12,2025-01,CORE_USD,PDS Core · USD,0.0189953114462591,2.1581574184084418,-0.0035731424703471237,HISTORICAL_DELAYED_NON_CANONICAL_SPOT_SENSITIVITY
2025-01,2025-02,CORE_USD,PDS Core · USD,-0.0029412232842743746,2.1518097955582896,-0.00650385634478956,HISTORICAL_DELAYED_NON_CANONICAL_SPOT_SENSITIVITY
2025-02,2025-03,CORE_USD,PDS Core · USD,-0.017649297051548163,2.1138318652780503,-0.024038364903727905,HISTORICAL_DELAYED_NON_CANONICAL_SPOT_SENSITIVITY
2025-03,2025-04,CORE_USD,PDS Core · USD,0.0028328643993498215,2.119820064315408,-0.021273597932532362,HISTORICAL_DELAYED_NON_CANONICAL_SPOT_SENSITIVITY
2025-04,2025-05,CORE_USD,PDS Core · USD,0.0165736734883688,2.1549532699154645,-0.005052506110220123,HISTORICAL_DELAYED_NON_CANONICAL_SPOT_SENSITIVITY
2025-05,2025-06,CORE_USD,PDS Core · USD,0.038937898407086946,2.2388626214114526,0.0,HISTORICAL_DELAYED_NON_CANONICAL_SPOT_SENSITIVITY
2025-06,2025-07,CORE_USD,PDS Core · USD,0.0021595553427817826,2.243697569147276,0.0,HISTORICAL_DELAYED_NON_CANONICAL_SPOT_SENSITIVITY
2025-07,2025-08,CORE_USD,PDS Core · USD,0.02367799570917062,2.296823830562222,0.0,HISTORICAL_DELAYED_NON_CANONICAL_SPOT_SENSITIVITY
2025-08,2025-09,CORE_USD,PDS Core · USD,0.06420615921262596,2.4442940671106532,0.0,HISTORICAL_DELAYED_NON_CANONICAL_SPOT_SENSITIVITY
2025-09,2025-10,CORE_USD,PDS Core · USD,0.043872001505662395,2.5515301401032136,0.0,HISTORICAL_DELAYED_NON_CANONICAL_SPOT_SENSITIVITY
2025-10,2025-11,CORE_USD,PDS Core · USD,-0.0005256318292036211,2.5501889746484028,-0.0005256318292037321,HISTORICAL_DELAYED_NON_CANONICAL_SPOT_SENSITIVITY
2025-11,2025-12,CORE_USD,PDS Core · USD,0.019311241976111004,2.5994362910226485,0.0,HISTORICAL_DELAYED_NON_CANONICAL_SPOT_SENSITIVITY
2025-12,2026-01,CORE_USD,PDS Core · USD,0.07604030082210067,2.797098208559896,0.0,HISTORICAL_DELAYED_NON_CANONICAL_SPOT_SENSITIVITY
2026-01,2026-02,CORE_USD,PDS Core · USD,0.05724477231840841,2.9572174586611353,0.0,HISTORICAL_DELAYED_NON_CANONICAL_SPOT_SENSITIVITY
2026-02,2026-03,CORE_USD,PDS Core · USD,-0.07289478793511384,2.7416517191340155,-0.07289478793511384,HISTORICAL_DELAYED_NON_CANONICAL_SPOT_SENSITIVITY
2026-03,2026-04,CORE_USD,PDS Core · USD,0.0848285079920621,2.9742219439020263,0.0,HISTORICAL_DELAYED_NON_CANONICAL_SPOT_SENSITIVITY
2026-04,2026-05,CORE_USD,PDS Core · USD,0.06520331277057889,3.168151067559389,0.0,HISTORICAL_DELAYED_NON_CANONICAL_SPOT_SENSITIVITY
2026-05,2026-06,CORE_USD,PDS Core · USD,-0.02181115796229849,3.0990500241764267,-0.02181115796229849,HISTORICAL_DELAYED_NON_CANONICAL_SPOT_SENSITIVITY
2026-06,2026-07,CORE_USD,PDS Core · USD,-0.04612361883758587,2.956110622102702,-0.06692876726362484,HISTORICAL_DELAYED_NON_CANONICAL_SPOT_SENSITIVITY
2026-07,2026-08,CORE_USD,PDS Core · USD,0.04959273923979102,3.102712245348618,-0.02065520892637951,HISTORICAL_DELAYED_NON_CANONICAL_SPOT_SENSITIVITY
2017-04,2017-05,UNHEDGED_KRW,KRW Unhedged,0.014046095746021336,1.0140460957460213,0.0,HISTORICAL_DELAYED_NON_CANONICAL_SPOT_SENSITIVITY
2017-05,2017-06,UNHEDGED_KRW,KRW Unhedged,0.019343336002672906,1.0336611300982352,0.0,HISTORICAL_DELAYED_NON_CANONICAL_SPOT_SENSITIVITY
2017-06,2017-07,UNHEDGED_KRW,KRW Unhedged,-0.0037419439697681245,1.0297932280656805,-0.0037419439697680135,HISTORICAL_DELAYED_NON_CANONICAL_SPOT_SENSITIVITY
2017-07,2017-08,UNHEDGED_KRW,KRW Unhedged,0.014441884298387553,1.044665382716668,0.0,HISTORICAL_DELAYED_NON_CANONICAL_SPOT_SENSITIVITY
2017-08,2017-09,UNHEDGED_KRW,KRW Unhedged,0.0223203237596159,1.0679826522793672,0.0,HISTORICAL_DELAYED_NON_CANONICAL_SPOT_SENSITIVITY
2017-09,2017-10,UNHEDGED_KRW,KRW Unhedged,-0.00011896327574145715,1.067855601564617,-0.00011896327574145715,HISTORICAL_DELAYED_NON_CANONICAL_SPOT_SENSITIVITY
2017-10,2017-11,UNHEDGED_KRW,KRW Unhedged,-0.029435067455928943,1.036423199899371,-0.029550529039624185,HISTORICAL_DELAYED_NON_CANONICAL_SPOT_SENSITIVITY
2017-11,2017-12,UNHEDGED_KRW,KRW Unhedged,0.002021815786068748,1.0385186566859754,-0.02758845897965434,HISTORICAL_DELAYED_NON_CANONICAL_SPOT_SENSITIVITY
2017-12,2018-01,UNHEDGED_KRW,KRW Unhedged,0.056792501734413525,1.0974987292970344,0.0,HISTORICAL_DELAYED_NON_CANONICAL_SPOT_SENSITIVITY
2018-01,2018-02,UNHEDGED_KRW,KRW Unhedged,-0.032069884089860334,1.0623020722597094,-0.032069884089860445,HISTORICAL_DELAYED_NON_CANONICAL_SPOT_SENSITIVITY
2018-02,2018-03,UNHEDGED_KRW,KRW Unhedged,-0.022045558181504332,1.0388830301193754,-0.05340844377578757,HISTORICAL_DELAYED_NON_CANONICAL_SPOT_SENSITIVITY
2018-03,2018-04,UNHEDGED_KRW,KRW Unhedged,0.013531114550889178,1.0529402754048955,-0.04060000499561334,HISTORICAL_DELAYED_NON_CANONICAL_SPOT_SENSITIVITY
2018-04,2018-05,UNHEDGED_KRW,KRW Unhedged,0.019817610213397785,1.0738070353608575,-0.02158698985588059,HISTORICAL_DELAYED_NON_CANONICAL_SPOT_SENSITIVITY
2018-05,2018-06,UNHEDGED_KRW,KRW Unhedged,0.034787633473595925,1.1111622409283597,0.0,HISTORICAL_DELAYED_NON_CANONICAL_SPOT_SENSITIVITY
2018-06,2018-07,UNHEDGED_KRW,KRW Unhedged,0.0011154225468941181,1.1124016563451486,0.0,HISTORICAL_DELAYED_NON_CANONICAL_SPOT_SENSITIVITY
2018-07,2018-08,UNHEDGED_KRW,KRW Unhedged,0.02755303062108716,1.1430516932453747,0.0,HISTORICAL_DELAYED_NON_CANONICAL_SPOT_SENSITIVITY
2018-08,2018-09,UNHEDGED_KRW,KRW Unhedged,-0.005989489559553363,1.1362053970626518,-0.005989489559553363,HISTORICAL_DELAYED_NON_CANONICAL_SPOT_SENSITIVITY
2018-09,2018-10,UNHEDGED_KRW,KRW Unhedged,-0.014329213152526,1.1199244677430906,-0.020232878039505686,HISTORICAL_DELAYED_NON_CANONICAL_SPOT_SENSITIVITY
2018-10,2018-11,UNHEDGED_KRW,KRW Unhedged,-0.014568878523598339,1.103608424216936,-0.03450698622076365,HISTORICAL_DELAYED_NON_CANONICAL_SPOT_SENSITIVITY
2018-11,2018-12,UNHEDGED_KRW,KRW Unhedged,-0.015245263330900372,1.0867836231755488,-0.04922618145997271,HISTORICAL_DELAYED_NON_CANONICAL_SPOT_SENSITIVITY
2018-12,2019-01,UNHEDGED_KRW,KRW Unhedged,0.013317826620956374,1.1012572190434955,-0.0365639405889121,HISTORICAL_DELAYED_NON_CANONICAL_SPOT_SENSITIVITY
2019-01,2019-02,UNHEDGED_KRW,KRW Unhedged,0.008182616525836517,1.1102683845632375,-0.028680512767588096,HISTORICAL_DELAYED_NON_CANONICAL_SPOT_SENSITIVITY
2019-02,2019-03,UNHEDGED_KRW,KRW Unhedged,0.03486916600269674,1.148982517172119,0.0,HISTORICAL_DELAYED_NON_CANONICAL_SPOT_SENSITIVITY
2019-03,2019-04,UNHEDGED_KRW,KRW Unhedged,0.0430285052542736,1.198421517449328,0.0,HISTORICAL_DELAYED_NON_CANONICAL_SPOT_SENSITIVITY
2019-04,2019-05,UNHEDGED_KRW,KRW Unhedged,-0.01566590648923294,1.1796471580222823,-0.01566590648923294,HISTORICAL_DELAYED_NON_CANONICAL_SPOT_SENSITIVITY
2019-05,2019-06,UNHEDGED_KRW,KRW Unhedged,0.0055757881202120885,1.1862246206320248,-0.01017746814431586,HISTORICAL_DELAYED_NON_CANONICAL_SPOT_SENSITIVITY
2019-06,2019-07,UNHEDGED_KRW,KRW Unhedged,0.032219356033333035,1.2244440140196735,0.0,HISTORICAL_DELAYED_NON_CANONICAL_SPOT_SENSITIVITY
2019-07,2019-08,UNHEDGED_KRW,KRW Unhedged,0.04889719188095887,1.284315887920685,0.0,HISTORICAL_DELAYED_NON_CANONICAL_SPOT_SENSITIVITY
2019-08,2019-09,UNHEDGED_KRW,KRW Unhedged,-0.014242914349951508,1.266023486730749,-0.014242914349951397,HISTORICAL_DELAYED_NON_CANONICAL_SPOT_SENSITIVITY
2019-09,2019-10,UNHEDGED_KRW,KRW Unhedged,-0.012905709118220421,1.2496845558741667,-0.026964808558575637,HISTORICAL_DELAYED_NON_CANONICAL_SPOT_SENSITIVITY
2019-10,2019-11,UNHEDGED_KRW,KRW Unhedged,0.020598477953983174,1.275426155647774,-0.0069217646192196725,HISTORICAL_DELAYED_NON_CANONICAL_SPOT_SENSITIVITY
2019-11,2019-12,UNHEDGED_KRW,KRW Unhedged,0.009214270934998048,1.2871782778034955,0.0,HISTORICAL_DELAYED_NON_CANONICAL_SPOT_SENSITIVITY
2019-12,2020-01,UNHEDGED_KRW,KRW Unhedged,0.02880540755465244,1.3242559726911207,0.0,HISTORICAL_DELAYED_NON_CANONICAL_SPOT_SENSITIVITY
2020-01,2020-02,UNHEDGED_KRW,KRW Unhedged,0.009449195802859522,1.3367691266701853,0.0,HISTORICAL_DELAYED_NON_CANONICAL_SPOT_SENSITIVITY
2020-02,2020-03,UNHEDGED_KRW,KRW Unhedged,-0.01795247985303461,1.3127708058554801,-0.01795247985303461,HISTORICAL_DELAYED_NON_CANONICAL_SPOT_SENSITIVITY
2020-03,2020-04,UNHEDGED_KRW,KRW Unhedged,0.05740355131710051,1.3881285121769966,0.0,HISTORICAL_DELAYED_NON_CANONICAL_SPOT_SENSITIVITY
2020-04,2020-05,UNHEDGED_KRW,KRW Unhedged,0.04271637445758114,1.4474243294983942,0.0,HISTORICAL_DELAYED_NON_CANONICAL_SPOT_SENSITIVITY
2020-05,2020-06,UNHEDGED_KRW,KRW Unhedged,-0.007522422716232602,1.4365361918421478,-0.007522422716232602,HISTORICAL_DELAYED_NON_CANONICAL_SPOT_SENSITIVITY
2020-06,2020-07,UNHEDGED_KRW,KRW Unhedged,0.050964134726426025,1.509748015862578,0.0,HISTORICAL_DELAYED_NON_CANONICAL_SPOT_SENSITIVITY
2020-07,2020-08,UNHEDGED_KRW,KRW Unhedged,0.041539417677318724,1.5724620692809967,0.0,HISTORICAL_DELAYED_NON_CANONICAL_SPOT_SENSITIVITY
2020-08,2020-09,UNHEDGED_KRW,KRW Unhedged,-0.050121289716188566,1.4936482423388466,-0.050121289716188455,HISTORICAL_DELAYED_NON_CANONICAL_SPOT_SENSITIVITY
2020-09,2020-10,UNHEDGED_KRW,KRW Unhedged,-0.046157695540546495,1.4247048815242978,-0.09396550202591558,HISTORICAL_DELAYED_NON_CANONICAL_SPOT_SENSITIVITY
2020-10,2020-11,UNHEDGED_KRW,KRW Unhedged,0.05083614538539227,1.497131386012745,-0.0479062005627241,HISTORICAL_DELAYED_NON_CANONICAL_SPOT_SENSITIVITY
2020-11,2020-12,UNHEDGED_KRW,KRW Unhedged,0.03597781943212719,1.550994908684882,-0.013651941764121878,HISTORICAL_DELAYED_NON_CANONICAL_SPOT_SENSITIVITY
2020-12,2021-01,UNHEDGED_KRW,KRW Unhedged,0.02893963687138479,1.595880138131589,0.0,HISTORICAL_DELAYED_NON_CANONICAL_SPOT_SENSITIVITY
2021-01,2021-02,UNHEDGED_KRW,KRW Unhedged,0.020008319417247566,1.6278110176869671,0.0,HISTORICAL_DELAYED_NON_CANONICAL_SPOT_SENSITIVITY
2021-02,2021-03,UNHEDGED_KRW,KRW Unhedged,0.019405446537858584,1.6593994173644286,0.0,HISTORICAL_DELAYED_NON_CANONICAL_SPOT_SENSITIVITY
2021-03,2021-04,UNHEDGED_KRW,KRW Unhedged,0.019799123040456612,1.692254070602089,0.0,HISTORICAL_DELAYED_NON_CANONICAL_SPOT_SENSITIVITY
2021-04,2021-05,UNHEDGED_KRW,KRW Unhedged,0.026417228041010654,1.736958732288513,0.0,HISTORICAL_DELAYED_NON_CANONICAL_SPOT_SENSITIVITY
2021-05,2021-06,UNHEDGED_KRW,KRW Unhedged,0.020943350065379285,1.7733364670679488,0.0,HISTORICAL_DELAYED_NON_CANONICAL_SPOT_SENSITIVITY
2021-06,2021-07,UNHEDGED_KRW,KRW Unhedged,0.021752569375496522,1.8119110915939423,0.0,HISTORICAL_DELAYED_NON_CANONICAL_SPOT_SENSITIVITY
2021-07,2021-08,UNHEDGED_KRW,KRW Unhedged,0.025843011546004435,1.858736330854338,0.0,HISTORICAL_DELAYED_NON_CANONICAL_SPOT_SENSITIVITY
2021-08,2021-09,UNHEDGED_KRW,KRW Unhedged,-0.018974520393931216,1.8234677004376016,-0.018974520393931216,HISTORICAL_DELAYED_NON_CANONICAL_SPOT_SENSITIVITY
2021-09,2021-10,UNHEDGED_KRW,KRW Unhedged,0.02979936269745509,1.8778058758100362,0.0,HISTORICAL_DELAYED_NON_CANONICAL_SPOT_SENSITIVITY
2021-10,2021-11,UNHEDGED_KRW,KRW Unhedged,0.003502594617593502,1.8843830685635339,0.0,HISTORICAL_DELAYED_NON_CANONICAL_SPOT_SENSITIVITY
2021-11,2021-12,UNHEDGED_KRW,KRW Unhedged,0.02536018130878448,1.9321713648375087,0.0,HISTORICAL_DELAYED_NON_CANONICAL_SPOT_SENSITIVITY
2021-12,2022-01,UNHEDGED_KRW,KRW Unhedged,-0.020821173447727603,1.8919412897194945,-0.020821173447727603,HISTORICAL_DELAYED_NON_CANONICAL_SPOT_SENSITIVITY
2022-01,2022-02,UNHEDGED_KRW,KRW Unhedged,-0.0050097937158226635,1.8824630541355523,-0.025726657379655737,HISTORICAL_DELAYED_NON_CANONICAL_SPOT_SENSITIVITY
2022-02,2022-03,UNHEDGED_KRW,KRW Unhedged,0.035151612121847586,1.9486346652482338,0.0,HISTORICAL_DELAYED_NON_CANONICAL_SPOT_SENSITIVITY
2022-03,2022-04,UNHEDGED_KRW,KRW Unhedged,0.024024058559668715,1.9954487785575579,0.0,HISTORICAL_DELAYED_NON_CANONICAL_SPOT_SENSITIVITY
2022-04,2022-05,UNHEDGED_KRW,KRW Unhedged,-0.025242406239193715,1.9450788498597051,-0.025242406239193715,HISTORICAL_DELAYED_NON_CANONICAL_SPOT_SENSITIVITY
2022-05,2022-06,UNHEDGED_KRW,KRW Unhedged,0.010412303362872466,1.9653316009091515,-0.015092934467692554,HISTORICAL_DELAYED_NON_CANONICAL_SPOT_SENSITIVITY
2022-06,2022-07,UNHEDGED_KRW,KRW Unhedged,0.02202474512363084,2.008617528502593,0.0,HISTORICAL_DELAYED_NON_CANONICAL_SPOT_SENSITIVITY
2022-07,2022-08,UNHEDGED_KRW,KRW Unhedged,0.01732254019825752,2.0434118863830038,0.0,HISTORICAL_DELAYED_NON_CANONICAL_SPOT_SENSITIVITY
2022-08,2022-09,UNHEDGED_KRW,KRW Unhedged,0.031868473624883986,2.1085323041889747,0.0,HISTORICAL_DELAYED_NON_CANONICAL_SPOT_SENSITIVITY
2022-09,2022-10,UNHEDGED_KRW,KRW Unhedged,0.006637595327134482,2.1225278883583716,0.0,HISTORICAL_DELAYED_NON_CANONICAL_SPOT_SENSITIVITY
2022-10,2022-11,UNHEDGED_KRW,KRW Unhedged,-0.04835816391936165,2.019886336809721,-0.04835816391936154,HISTORICAL_DELAYED_NON_CANONICAL_SPOT_SENSITIVITY
2022-11,2022-12,UNHEDGED_KRW,KRW Unhedged,-0.06874515807378168,1.881028931294665,-0.11377893237034886,HISTORICAL_DELAYED_NON_CANONICAL_SPOT_SENSITIVITY
2022-12,2023-01,UNHEDGED_KRW,KRW Unhedged,0.020558532596207213,1.9197001258930952,-0.09555952766403908,HISTORICAL_DELAYED_NON_CANONICAL_SPOT_SENSITIVITY
2023-01,2023-02,UNHEDGED_KRW,KRW Unhedged,0.037210175719635696,1.991132504906584,-0.06190513876046777,HISTORICAL_DELAYED_NON_CANONICAL_SPOT_SENSITIVITY
2023-02,2023-03,UNHEDGED_KRW,KRW Unhedged,0.008603214363548162,2.008262644672524,-0.05383450757588104,HISTORICAL_DELAYED_NON_CANONICAL_SPOT_SENSITIVITY
2023-03,2023-04,UNHEDGED_KRW,KRW Unhedged,0.04209733418497863,2.092805148356512,-0.014003462647008025,HISTORICAL_DELAYED_NON_CANONICAL_SPOT_SENSITIVITY
2023-04,2023-05,UNHEDGED_KRW,KRW Unhedged,-0.00629585385505238,2.0796291529953583,-0.02021115274777019,HISTORICAL_DELAYED_NON_CANONICAL_SPOT_SENSITIVITY
2023-05,2023-06,UNHEDGED_KRW,KRW Unhedged,0.02310217518162072,2.1276731100006625,0.0,HISTORICAL_DELAYED_NON_CANONICAL_SPOT_SENSITIVITY
2023-06,2023-07,UNHEDGED_KRW,KRW Unhedged,-0.013807855265720259,2.0982945076450084,-0.013807855265720259,HISTORICAL_DELAYED_NON_CANONICAL_SPOT_SENSITIVITY
2023-07,2023-08,UNHEDGED_KRW,KRW Unhedged,0.018847508700934545,2.137842131634971,0.0,HISTORICAL_DELAYED_NON_CANONICAL_SPOT_SENSITIVITY
2023-08,2023-09,UNHEDGED_KRW,KRW Unhedged,-0.006471357851812853,2.124007390170479,-0.006471357851812742,HISTORICAL_DELAYED_NON_CANONICAL_SPOT_SENSITIVITY
2023-09,2023-10,UNHEDGED_KRW,KRW Unhedged,-0.005450331878447678,2.112430844981774,-0.011886418682263922,HISTORICAL_DELAYED_NON_CANONICAL_SPOT_SENSITIVITY
2023-10,2023-11,UNHEDGED_KRW,KRW Unhedged,-0.00969319011618841,2.091954651194065,-0.021464391482364564,HISTORICAL_DELAYED_NON_CANONICAL_SPOT_SENSITIVITY
2023-11,2023-12,UNHEDGED_KRW,KRW Unhedged,0.03599342968023911,2.167251273826068,0.0,HISTORICAL_DELAYED_NON_CANONICAL_SPOT_SENSITIVITY
2023-12,2024-01,UNHEDGED_KRW,KRW Unhedged,0.026368060238754376,2.224397485966831,0.0,HISTORICAL_DELAYED_NON_CANONICAL_SPOT_SENSITIVITY
2024-01,2024-02,UNHEDGED_KRW,KRW Unhedged,0.028417053577090234,2.2876083085022954,0.0,HISTORICAL_DELAYED_NON_CANONICAL_SPOT_SENSITIVITY
2024-02,2024-03,UNHEDGED_KRW,KRW Unhedged,0.03986693298885724,2.3788082356421096,0.0,HISTORICAL_DELAYED_NON_CANONICAL_SPOT_SENSITIVITY
2024-03,2024-04,UNHEDGED_KRW,KRW Unhedged,-0.008132165917388856,2.359463372384217,-0.008132165917388745,HISTORICAL_DELAYED_NON_CANONICAL_SPOT_SENSITIVITY
2024-04,2024-05,UNHEDGED_KRW,KRW Unhedged,0.014628387875396998,2.3939785177732458,0.0,HISTORICAL_DELAYED_NON_CANONICAL_SPOT_SENSITIVITY
2024-05,2024-06,UNHEDGED_KRW,KRW Unhedged,0.033819715423774044,2.4749421899749655,0.0,HISTORICAL_DELAYED_NON_CANONICAL_SPOT_SENSITIVITY
2024-06,2024-07,UNHEDGED_KRW,KRW Unhedged,-0.00539207421186394,2.4615971180165475,-0.00539207421186394,HISTORICAL_DELAYED_NON_CANONICAL_SPOT_SENSITIVITY
2024-07,2024-08,UNHEDGED_KRW,KRW Unhedged,-0.009475730838590879,2.4382716862931715,-0.014816711206561584,HISTORICAL_DELAYED_NON_CANONICAL_SPOT_SENSITIVITY
2024-08,2024-09,UNHEDGED_KRW,KRW Unhedged,0.012761041448041244,2.469386572343544,-0.0022447464243507964,HISTORICAL_DELAYED_NON_CANONICAL_SPOT_SENSITIVITY
2024-09,2024-10,UNHEDGED_KRW,KRW Unhedged,0.03728533861717165,2.56145848687007,0.0,HISTORICAL_DELAYED_NON_CANONICAL_SPOT_SENSITIVITY
2024-10,2024-11,UNHEDGED_KRW,KRW Unhedged,0.03685327311490583,2.6558566160591863,0.0,HISTORICAL_DELAYED_NON_CANONICAL_SPOT_SENSITIVITY
2024-11,2024-12,UNHEDGED_KRW,KRW Unhedged,0.029850410130626504,2.735135025296691,0.0,HISTORICAL_DELAYED_NON_CANONICAL_SPOT_SENSITIVITY
2024-12,2025-01,UNHEDGED_KRW,KRW Unhedged,0.001127717146497842,2.738219483962705,0.0,HISTORICAL_DELAYED_NON_CANONICAL_SPOT_SENSITIVITY
2025-01,2025-02,UNHEDGED_KRW,KRW Unhedged,0.002729901038184046,2.7456945521747507,0.0,HISTORICAL_DELAYED_NON_CANONICAL_SPOT_SENSITIVITY
2025-02,2025-03,UNHEDGED_KRW,KRW Unhedged,-0.002675488013892835,2.7383484793105963,-0.002675488013892835,HISTORICAL_DELAYED_NON_CANONICAL_SPOT_SENSITIVITY
2025-03,2025-04,UNHEDGED_KRW,KRW Unhedged,-0.030012141241116952,2.656164777982129,-0.03260733213084788,HISTORICAL_DELAYED_NON_CANONICAL_SPOT_SENSITIVITY
2025-04,2025-05,UNHEDGED_KRW,KRW Unhedged,-0.02151166803766924,2.599026243024828,-0.05341756206412429,HISTORICAL_DELAYED_NON_CANONICAL_SPOT_SENSITIVITY
2025-05,2025-06,UNHEDGED_KRW,KRW Unhedged,0.02232742103393992,2.6570557962311026,-0.032282817428996635,HISTORICAL_DELAYED_NON_CANONICAL_SPOT_SENSITIVITY
2025-06,2025-07,UNHEDGED_KRW,KRW Unhedged,0.03412313877771056,2.7477228799060165,0.0,HISTORICAL_DELAYED_NON_CANONICAL_SPOT_SENSITIVITY
2025-07,2025-08,UNHEDGED_KRW,KRW Unhedged,0.018454828986414817,2.7984316357567414,0.0,HISTORICAL_DELAYED_NON_CANONICAL_SPOT_SENSITIVITY
2025-08,2025-09,UNHEDGED_KRW,KRW Unhedged,0.07861172731645572,3.0184211804205936,0.0,HISTORICAL_DELAYED_NON_CANONICAL_SPOT_SENSITIVITY
2025-09,2025-10,UNHEDGED_KRW,KRW Unhedged,0.05939821267006806,3.1977100036230537,0.0,HISTORICAL_DELAYED_NON_CANONICAL_SPOT_SENSITIVITY
2025-10,2025-11,UNHEDGED_KRW,KRW Unhedged,0.025710204921718827,3.2799237830964327,0.0,HISTORICAL_DELAYED_NON_CANONICAL_SPOT_SENSITIVITY
2025-11,2025-12,UNHEDGED_KRW,KRW Unhedged,0.00292721931304607,3.2895248393396317,0.0,HISTORICAL_DELAYED_NON_CANONICAL_SPOT_SENSITIVITY
2025-12,2026-01,UNHEDGED_KRW,KRW Unhedged,0.06919300524100946,3.51713694878849,0.0,HISTORICAL_DELAYED_NON_CANONICAL_SPOT_SENSITIVITY
2026-01,2026-02,UNHEDGED_KRW,KRW Unhedged,0.05987903157361263,3.7277397031937154,0.0,HISTORICAL_DELAYED_NON_CANONICAL_SPOT_SENSITIVITY
2026-02,2026-03,UNHEDGED_KRW,KRW Unhedged,-0.0269317680574247,3.627345082128849,-0.0269317680574247,HISTORICAL_DELAYED_NON_CANONICAL_SPOT_SENSITIVITY
2026-03,2026-04,UNHEDGED_KRW,KRW Unhedged,0.06367073523626998,3.858300810463661,0.0,HISTORICAL_DELAYED_NON_CANONICAL_SPOT_SENSITIVITY
2026-04,2026-05,UNHEDGED_KRW,KRW Unhedged,0.0805814700101597,4.169208361512213,0.0,HISTORICAL_DELAYED_NON_CANONICAL_SPOT_SENSITIVITY
2026-05,2026-06,UNHEDGED_KRW,KRW Unhedged,0.013069684653832514,4.2236986000533,0.0,HISTORICAL_DELAYED_NON_CANONICAL_SPOT_SENSITIVITY
2026-06,2026-07,UNHEDGED_KRW,KRW Unhedged,-0.12497221598134911,3.695853626367317,-0.12497221598134911,HISTORICAL_DELAYED_NON_CANONICAL_SPOT_SENSITIVITY
2026-07,2026-08,UNHEDGED_KRW,KRW Unhedged,0.009710297639060839,3.7317414651097462,-0.11647543575608021,HISTORICAL_DELAYED_NON_CANONICAL_SPOT_SENSITIVITY
2017-04,2017-05,FIXED50_COSTED,Fixed 50% Hedge · 5bp,0.021601995111349748,1.0216019951113497,0.0,HISTORICAL_DELAYED_NON_CANONICAL_SPOT_SENSITIVITY
2017-05,2017-06,FIXED50_COSTED,Fixed 50% Hedge · 5bp,0.0070146553508054765,1.0287681810127511,0.0,HISTORICAL_DELAYED_NON_CANONICAL_SPOT_SENSITIVITY
2017-06,2017-07,FIXED50_COSTED,Fixed 50% Hedge · 5bp,0.00824788577385771,1.0372533434575237,0.0,HISTORICAL_DELAYED_NON_CANONICAL_SPOT_SENSITIVITY
2017-07,2017-08,FIXED50_COSTED,Fixed 50% Hedge · 5bp,0.012006192497291845,1.0497068067675344,0.0,HISTORICAL_DELAYED_NON_CANONICAL_SPOT_SENSITIVITY
2017-08,2017-09,FIXED50_COSTED,Fixed 50% Hedge · 5bp,0.012075498335112123,1.0623825395650115,0.0,HISTORICAL_DELAYED_NON_CANONICAL_SPOT_SENSITIVITY
2017-09,2017-10,FIXED50_COSTED,Fixed 50% Hedge · 5bp,0.009607503357912828,1.0725893833812703,0.0,HISTORICAL_DELAYED_NON_CANONICAL_SPOT_SENSITIVITY
2017-10,2017-11,FIXED50_COSTED,Fixed 50% Hedge · 5bp,-0.010488795782354843,1.0613392123806622,-0.010488795782354843,HISTORICAL_DELAYED_NON_CANONICAL_SPOT_SENSITIVITY
2017-11,2017-12,FIXED50_COSTED,Fixed 50% Hedge · 5bp,0.006976337567494273,1.0687434729998482,-0.003585631594914873,HISTORICAL_DELAYED_NON_CANONICAL_SPOT_SENSITIVITY
2017-12,2018-01,FIXED50_COSTED,Fixed 50% Hedge · 5bp,0.055050630917175436,1.127578475477103,0.0,HISTORICAL_DELAYED_NON_CANONICAL_SPOT_SENSITIVITY
2018-01,2018-02,FIXED50_COSTED,Fixed 50% Hedge · 5bp,-0.035380191792210414,1.0876845327539548,-0.035380191792210414,HISTORICAL_DELAYED_NON_CANONICAL_SPOT_SENSITIVITY
2018-02,2018-03,FIXED50_COSTED,Fixed 50% Hedge · 5bp,-0.014242544013807534,1.072193137923069,-0.04911883186720045,HISTORICAL_DELAYED_NON_CANONICAL_SPOT_SENSITIVITY
2018-03,2018-04,FIXED50_COSTED,Fixed 50% Hedge · 5bp,0.009796087803073172,1.0826964360440159,-0.039803916453882815,HISTORICAL_DELAYED_NON_CANONICAL_SPOT_SENSITIVITY
2018-04,2018-05,FIXED50_COSTED,Fixed 50% Hedge · 5bp,0.014610291262195041,1.0985149463231594,-0.025775172004455116,HISTORICAL_DELAYED_NON_CANONICAL_SPOT_SENSITIVITY
2018-05,2018-06,FIXED50_COSTED,Fixed 50% Hedge · 5bp,0.01579171210348229,1.115862378096867,-0.010390493996684902,HISTORICAL_DELAYED_NON_CANONICAL_SPOT_SENSITIVITY
2018-06,2018-07,FIXED50_COSTED,Fixed 50% Hedge · 5bp,0.004595288214333859,1.1209900873317542,-0.005842953096955039,HISTORICAL_DELAYED_NON_CANONICAL_SPOT_SENSITIVITY
2018-07,2018-08,FIXED50_COSTED,Fixed 50% Hedge · 5bp,0.02579583790298745,1.14990696591542,0.0,HISTORICAL_DELAYED_NON_CANONICAL_SPOT_SENSITIVITY
2018-08,2018-09,FIXED50_COSTED,Fixed 50% Hedge · 5bp,-0.0048285619780730205,1.1443545688614793,-0.0048285619780731315,HISTORICAL_DELAYED_NON_CANONICAL_SPOT_SENSITIVITY
2018-09,2018-10,FIXED50_COSTED,Fixed 50% Hedge · 5bp,-0.025571017119851436,1.1150922585899423,-0.03027610785691892,HISTORICAL_DELAYED_NON_CANONICAL_SPOT_SENSITIVITY
2018-10,2018-11,FIXED50_COSTED,Fixed 50% Hedge · 5bp,-0.005664360365950416,1.1087759741960073,-0.035768973437489415,HISTORICAL_DELAYED_NON_CANONICAL_SPOT_SENSITIVITY
2018-11,2018-12,FIXED50_COSTED,Fixed 50% Hedge · 5bp,-0.015174552920314333,1.091950794498797,-0.0504007481774712,HISTORICAL_DELAYED_NON_CANONICAL_SPOT_SENSITIVITY
2018-12,2019-01,FIXED50_COSTED,Fixed 50% Hedge · 5bp,0.01639674453440021,1.109855232720329,-0.03483041183527957,HISTORICAL_DELAYED_NON_CANONICAL_SPOT_SENSITIVITY
2019-01,2019-02,FIXED50_COSTED,Fixed 50% Hedge · 5bp,0.005169376549499782,1.115592492333693,-0.029841086799930583,HISTORICAL_DELAYED_NON_CANONICAL_SPOT_SENSITIVITY
2019-02,2019-03,FIXED50_COSTED,Fixed 50% Hedge · 5bp,0.025833182347287043,1.1444117966134137,-0.004778794689387467,HISTORICAL_DELAYED_NON_CANONICAL_SPOT_SENSITIVITY
2019-03,2019-04,FIXED50_COSTED,Fixed 50% Hedge · 5bp,0.02980317874558258,1.1785189059464367,0.0,HISTORICAL_DELAYED_NON_CANONICAL_SPOT_SENSITIVITY
2019-04,2019-05,FIXED50_COSTED,Fixed 50% Hedge · 5bp,-0.02631090875091069,1.147511002550857,-0.026310908750910578,HISTORICAL_DELAYED_NON_CANONICAL_SPOT_SENSITIVITY
2019-05,2019-06,FIXED50_COSTED,Fixed 50% Hedge · 5bp,0.019537453924260095,1.169930445890776,-0.007287502994076767,HISTORICAL_DELAYED_NON_CANONICAL_SPOT_SENSITIVITY
2019-06,2019-07,FIXED50_COSTED,Fixed 50% Hedge · 5bp,0.01852557598573079,1.1916040812641455,0.0,HISTORICAL_DELAYED_NON_CANONICAL_SPOT_SENSITIVITY
2019-07,2019-08,FIXED50_COSTED,Fixed 50% Hedge · 5bp,0.03960167415998317,1.2387935978180744,0.0,HISTORICAL_DELAYED_NON_CANONICAL_SPOT_SENSITIVITY
2019-08,2019-09,FIXED50_COSTED,Fixed 50% Hedge · 5bp,-0.010707636149675515,1.225529046708091,-0.010707636149675515,HISTORICAL_DELAYED_NON_CANONICAL_SPOT_SENSITIVITY
2019-09,2019-10,FIXED50_COSTED,Fixed 50% Hedge · 5bp,0.0014079317107860145,1.2272545079154407,-0.009314780059372252,HISTORICAL_DELAYED_NON_CANONICAL_SPOT_SENSITIVITY
2019-10,2019-11,FIXED50_COSTED,Fixed 50% Hedge · 5bp,0.01453262499484409,1.2450897374522076,0.0,HISTORICAL_DELAYED_NON_CANONICAL_SPOT_SENSITIVITY
2019-11,2019-12,FIXED50_COSTED,Fixed 50% Hedge · 5bp,0.018002951904811937,1.2675050281127347,0.0,HISTORICAL_DELAYED_NON_CANONICAL_SPOT_SENSITIVITY
2019-12,2020-01,FIXED50_COSTED,Fixed 50% Hedge · 5bp,0.015244325247281143,1.2868272870138495,0.0,HISTORICAL_DELAYED_NON_CANONICAL_SPOT_SENSITIVITY
2020-01,2020-02,FIXED50_COSTED,Fixed 50% Hedge · 5bp,-0.0008562612676229486,1.2857254266498592,-0.0008562612676229486,HISTORICAL_DELAYED_NON_CANONICAL_SPOT_SENSITIVITY
2020-02,2020-03,FIXED50_COSTED,Fixed 50% Hedge · 5bp,-0.02035652322965964,1.2595525271352974,-0.02119535399489747,HISTORICAL_DELAYED_NON_CANONICAL_SPOT_SENSITIVITY
2020-03,2020-04,FIXED50_COSTED,Fixed 50% Hedge · 5bp,0.058874473416079987,1.3337080189102808,0.0,HISTORICAL_DELAYED_NON_CANONICAL_SPOT_SENSITIVITY
2020-04,2020-05,FIXED50_COSTED,Fixed 50% Hedge · 5bp,0.03192149357154661,1.3762819708622456,0.0,HISTORICAL_DELAYED_NON_CANONICAL_SPOT_SENSITIVITY
2020-05,2020-06,FIXED50_COSTED,Fixed 50% Hedge · 5bp,0.00849396093691035,1.3879720561609235,0.0,HISTORICAL_DELAYED_NON_CANONICAL_SPOT_SENSITIVITY
2020-06,2020-07,FIXED50_COSTED,Fixed 50% Hedge · 5bp,0.05459542272160256,1.463748977292801,0.0,HISTORICAL_DELAYED_NON_CANONICAL_SPOT_SENSITIVITY
2020-07,2020-08,FIXED50_COSTED,Fixed 50% Hedge · 5bp,0.04238174404607897,1.5257852117961344,0.0,HISTORICAL_DELAYED_NON_CANONICAL_SPOT_SENSITIVITY
2020-08,2020-09,FIXED50_COSTED,Fixed 50% Hedge · 5bp,-0.040874722881268366,1.46341916408763,-0.040874722881268366,HISTORICAL_DELAYED_NON_CANONICAL_SPOT_SENSITIVITY
2020-09,2020-10,FIXED50_COSTED,Fixed 50% Hedge · 5bp,-0.03193791944277702,1.4166806007139832,-0.07150718871741757,HISTORICAL_DELAYED_NON_CANONICAL_SPOT_SENSITIVITY
2020-10,2020-11,FIXED50_COSTED,Fixed 50% Hedge · 5bp,0.06255479436415623,1.5053007643713356,-0.013425511839038395,HISTORICAL_DELAYED_NON_CANONICAL_SPOT_SENSITIVITY
2020-11,2020-12,FIXED50_COSTED,Fixed 50% Hedge · 5bp,0.04424817531576819,1.5719075764961983,0.0,HISTORICAL_DELAYED_NON_CANONICAL_SPOT_SENSITIVITY
2020-12,2021-01,FIXED50_COSTED,Fixed 50% Hedge · 5bp,0.01673758409859194,1.5982175117530173,0.0,HISTORICAL_DELAYED_NON_CANONICAL_SPOT_SENSITIVITY
2021-01,2021-02,FIXED50_COSTED,Fixed 50% Hedge · 5bp,0.016664639840336726,1.6248512309729004,0.0,HISTORICAL_DELAYED_NON_CANONICAL_SPOT_SENSITIVITY
2021-02,2021-03,FIXED50_COSTED,Fixed 50% Hedge · 5bp,0.015500592022537285,1.6500373870015288,0.0,HISTORICAL_DELAYED_NON_CANONICAL_SPOT_SENSITIVITY
2021-03,2021-04,FIXED50_COSTED,Fixed 50% Hedge · 5bp,0.029024205630690636,1.6979284114201887,0.0,HISTORICAL_DELAYED_NON_CANONICAL_SPOT_SENSITIVITY
2021-04,2021-05,FIXED50_COSTED,Fixed 50% Hedge · 5bp,0.021208977778707894,1.7339397373678362,0.0,HISTORICAL_DELAYED_NON_CANONICAL_SPOT_SENSITIVITY
2021-05,2021-06,FIXED50_COSTED,Fixed 50% Hedge · 5bp,0.015183578947329579,1.7602671482600727,0.0,HISTORICAL_DELAYED_NON_CANONICAL_SPOT_SENSITIVITY
2021-06,2021-07,FIXED50_COSTED,Fixed 50% Hedge · 5bp,0.015905505720615,1.788265087456534,0.0,HISTORICAL_DELAYED_NON_CANONICAL_SPOT_SENSITIVITY
2021-07,2021-08,FIXED50_COSTED,Fixed 50% Hedge · 5bp,0.018376876956770483,1.8211278149348111,0.0,HISTORICAL_DELAYED_NON_CANONICAL_SPOT_SENSITIVITY
2021-08,2021-09,FIXED50_COSTED,Fixed 50% Hedge · 5bp,-0.029694220193089427,1.767050844598377,-0.029694220193089427,HISTORICAL_DELAYED_NON_CANONICAL_SPOT_SENSITIVITY
2021-09,2021-10,FIXED50_COSTED,Fixed 50% Hedge · 5bp,0.03675170290205676,1.831992972251885,0.0,HISTORICAL_DELAYED_NON_CANONICAL_SPOT_SENSITIVITY
2021-10,2021-11,FIXED50_COSTED,Fixed 50% Hedge · 5bp,-0.006634663584879297,1.8198383151911306,-0.006634663584879297,HISTORICAL_DELAYED_NON_CANONICAL_SPOT_SENSITIVITY
2021-11,2021-12,FIXED50_COSTED,Fixed 50% Hedge · 5bp,0.025456510667524412,1.8661650486749632,0.0,HISTORICAL_DELAYED_NON_CANONICAL_SPOT_SENSITIVITY
2021-12,2022-01,FIXED50_COSTED,Fixed 50% Hedge · 5bp,-0.028283509873469503,1.8133833510952413,-0.028283509873469503,HISTORICAL_DELAYED_NON_CANONICAL_SPOT_SENSITIVITY
2022-01,2022-02,FIXED50_COSTED,Fixed 50% Hedge · 5bp,-0.0010678907251471248,1.8114468558334704,-0.02932119690074808,HISTORICAL_DELAYED_NON_CANONICAL_SPOT_SENSITIVITY
2022-02,2022-03,FIXED50_COSTED,Fixed 50% Hedge · 5bp,0.027675658144070914,1.8615798397616696,-0.0024570221784773194,HISTORICAL_DELAYED_NON_CANONICAL_SPOT_SENSITIVITY
2022-03,2022-04,FIXED50_COSTED,Fixed 50% Hedge · 5bp,0.0005172237516537503,1.862542693070394,-0.001941069257052619,HISTORICAL_DELAYED_NON_CANONICAL_SPOT_SENSITIVITY
2022-04,2022-05,FIXED50_COSTED,Fixed 50% Hedge · 5bp,-0.013569781636749823,1.837268395436305,-0.015484511007842428,HISTORICAL_DELAYED_NON_CANONICAL_SPOT_SENSITIVITY
2022-05,2022-06,FIXED50_COSTED,Fixed 50% Hedge · 5bp,-0.007925256240956191,1.8227075726190618,-0.023287048531295595,HISTORICAL_DELAYED_NON_CANONICAL_SPOT_SENSITIVITY
2022-06,2022-07,FIXED50_COSTED,Fixed 50% Hedge · 5bp,0.018834432987155036,1.8570372362507355,-0.004891213899171909,HISTORICAL_DELAYED_NON_CANONICAL_SPOT_SENSITIVITY
2022-07,2022-08,FIXED50_COSTED,Fixed 50% Hedge · 5bp,-0.0008269532213616149,1.8555015533260295,-0.005714122315443215,HISTORICAL_DELAYED_NON_CANONICAL_SPOT_SENSITIVITY
2022-08,2022-09,FIXED50_COSTED,Fixed 50% Hedge · 5bp,-0.00015960856176033822,1.855205399391759,-0.005872818854359085,HISTORICAL_DELAYED_NON_CANONICAL_SPOT_SENSITIVITY
2022-09,2022-10,FIXED50_COSTED,Fixed 50% Hedge · 5bp,0.009436289084771676,1.872711653852049,0.0,HISTORICAL_DELAYED_NON_CANONICAL_SPOT_SENSITIVITY
2022-10,2022-11,FIXED50_COSTED,Fixed 50% Hedge · 5bp,-0.014005742230189466,1.8464829371567253,-0.014005742230189466,HISTORICAL_DELAYED_NON_CANONICAL_SPOT_SENSITIVITY
2022-11,2022-12,FIXED50_COSTED,Fixed 50% Hedge · 5bp,-0.044453185373397486,1.764400888862482,-0.057836327747936345,HISTORICAL_DELAYED_NON_CANONICAL_SPOT_SENSITIVITY
2022-12,2023-01,FIXED50_COSTED,Fixed 50% Hedge · 5bp,0.03224835292070383,1.821299911420123,-0.027453101136085345,HISTORICAL_DELAYED_NON_CANONICAL_SPOT_SENSITIVITY
2023-01,2023-02,FIXED50_COSTED,Fixed 50% Hedge · 5bp,0.0027818354570723347,1.826366468091674,-0.024747635689160052,HISTORICAL_DELAYED_NON_CANONICAL_SPOT_SENSITIVITY
2023-02,2023-03,FIXED50_COSTED,Fixed 50% Hedge · 5bp,0.01690226784200277,1.857236203313012,-0.00826365901403181,HISTORICAL_DELAYED_NON_CANONICAL_SPOT_SENSITIVITY
2023-03,2023-04,FIXED50_COSTED,Fixed 50% Hedge · 5bp,0.025058539158420157,1.9037758294401668,0.0,HISTORICAL_DELAYED_NON_CANONICAL_SPOT_SENSITIVITY
2023-04,2023-05,FIXED50_COSTED,Fixed 50% Hedge · 5bp,0.0001138622360790098,1.9039925976131,0.0,HISTORICAL_DELAYED_NON_CANONICAL_SPOT_SENSITIVITY
2023-05,2023-06,FIXED50_COSTED,Fixed 50% Hedge · 5bp,0.022372943334664663,1.9465905161091188,0.0,HISTORICAL_DELAYED_NON_CANONICAL_SPOT_SENSITIVITY
2023-06,2023-07,FIXED50_COSTED,Fixed 50% Hedge · 5bp,0.0032630057192066797,1.9529422520961364,0.0,HISTORICAL_DELAYED_NON_CANONICAL_SPOT_SENSITIVITY
2023-07,2023-08,FIXED50_COSTED,Fixed 50% Hedge · 5bp,0.0005275204065362527,1.953972468986904,0.0,HISTORICAL_DELAYED_NON_CANONICAL_SPOT_SENSITIVITY
2023-08,2023-09,FIXED50_COSTED,Fixed 50% Hedge · 5bp,-0.015271877287227564,1.924131641217915,-0.015271877287227564,HISTORICAL_DELAYED_NON_CANONICAL_SPOT_SENSITIVITY
2023-09,2023-10,FIXED50_COSTED,Fixed 50% Hedge · 5bp,-0.005754548378617774,1.9130591326016972,-0.020938542909163638,HISTORICAL_DELAYED_NON_CANONICAL_SPOT_SENSITIVITY
2023-10,2023-11,FIXED50_COSTED,Fixed 50% Hedge · 5bp,0.013018335530546876,1.9379639782796831,-0.008192792355729006,HISTORICAL_DELAYED_NON_CANONICAL_SPOT_SENSITIVITY
2023-11,2023-12,FIXED50_COSTED,Fixed 50% Hedge · 5bp,0.039944051568622685,2.01537411136622,0.0,HISTORICAL_DELAYED_NON_CANONICAL_SPOT_SENSITIVITY
2023-12,2024-01,FIXED50_COSTED,Fixed 50% Hedge · 5bp,0.007123735040293067,2.0297311025426588,0.0,HISTORICAL_DELAYED_NON_CANONICAL_SPOT_SENSITIVITY
2024-01,2024-02,FIXED50_COSTED,Fixed 50% Hedge · 5bp,0.025589687572945552,2.081671287313816,0.0,HISTORICAL_DELAYED_NON_CANONICAL_SPOT_SENSITIVITY
2024-02,2024-03,FIXED50_COSTED,Fixed 50% Hedge · 5bp,0.03327969038939527,2.1509486632481134,0.0,HISTORICAL_DELAYED_NON_CANONICAL_SPOT_SENSITIVITY
2024-03,2024-04,FIXED50_COSTED,Fixed 50% Hedge · 5bp,-0.021152991412835886,2.105449664644975,-0.021152991412835886,HISTORICAL_DELAYED_NON_CANONICAL_SPOT_SENSITIVITY
2024-04,2024-05,FIXED50_COSTED,Fixed 50% Hedge · 5bp,0.017961448231247346,2.143266589799993,-0.0035714815417862145,HISTORICAL_DELAYED_NON_CANONICAL_SPOT_SENSITIVITY
2024-05,2024-06,FIXED50_COSTED,Fixed 50% Hedge · 5bp,0.029349893518107573,2.2061712359915404,0.0,HISTORICAL_DELAYED_NON_CANONICAL_SPOT_SENSITIVITY
2024-06,2024-07,FIXED50_COSTED,Fixed 50% Hedge · 5bp,0.0012611570064122724,2.2089535643031564,0.0,HISTORICAL_DELAYED_NON_CANONICAL_SPOT_SENSITIVITY
2024-07,2024-08,FIXED50_COSTED,Fixed 50% Hedge · 5bp,0.003296286059021325,2.2162349071421943,0.0,HISTORICAL_DELAYED_NON_CANONICAL_SPOT_SENSITIVITY
2024-08,2024-09,FIXED50_COSTED,Fixed 50% Hedge · 5bp,0.019251406990610898,2.2589005473263875,0.0,HISTORICAL_DELAYED_NON_CANONICAL_SPOT_SENSITIVITY
2024-09,2024-10,FIXED50_COSTED,Fixed 50% Hedge · 5bp,0.013132952385472407,2.2885665806579425,0.0,HISTORICAL_DELAYED_NON_CANONICAL_SPOT_SENSITIVITY
2024-10,2024-11,FIXED50_COSTED,Fixed 50% Hedge · 5bp,0.031088130658106783,2.359713837537213,0.0,HISTORICAL_DELAYED_NON_CANONICAL_SPOT_SENSITIVITY
2024-11,2024-12,FIXED50_COSTED,Fixed 50% Hedge · 5bp,0.0035622126308605395,2.3681196399745046,0.0,HISTORICAL_DELAYED_NON_CANONICAL_SPOT_SENSITIVITY
2024-12,2025-01,FIXED50_COSTED,Fixed 50% Hedge · 5bp,0.009881577826956311,2.3915203985004565,0.0,HISTORICAL_DELAYED_NON_CANONICAL_SPOT_SENSITIVITY
2025-01,2025-02,FIXED50_COSTED,Fixed 50% Hedge · 5bp,-0.00040021204184159664,2.390563283238667,-0.0004002120418414856,HISTORICAL_DELAYED_NON_CANONICAL_SPOT_SENSITIVITY
2025-02,2025-03,FIXED50_COSTED,Fixed 50% Hedge · 5bp,-0.010431922030081808,2.3656251134599446,-0.010827959091107453,HISTORICAL_DELAYED_NON_CANONICAL_SPOT_SENSITIVITY
2025-03,2025-04,FIXED50_COSTED,Fixed 50% Hedge · 5bp,-0.01384966230485285,2.332862004498645,-0.024527657819097715,HISTORICAL_DELAYED_NON_CANONICAL_SPOT_SENSITIVITY
2025-04,2025-05,FIXED50_COSTED,Fixed 50% Hedge · 5bp,-0.0026903229902512926,2.3265858522148584,-0.02715199348762143,HISTORICAL_DELAYED_NON_CANONICAL_SPOT_SENSITIVITY
2025-05,2025-06,FIXED50_COSTED,Fixed 50% Hedge · 5bp,0.030347526161491167,2.397191977231904,0.0,HISTORICAL_DELAYED_NON_CANONICAL_SPOT_SENSITIVITY
2025-06,2025-07,FIXED50_COSTED,Fixed 50% Hedge · 5bp,0.017824911091682827,2.4399217110957583,0.0,HISTORICAL_DELAYED_NON_CANONICAL_SPOT_SENSITIVITY
2025-07,2025-08,FIXED50_COSTED,Fixed 50% Hedge · 5bp,0.020811145744705994,2.4906992774310446,0.0,HISTORICAL_DELAYED_NON_CANONICAL_SPOT_SENSITIVITY
2025-08,2025-09,FIXED50_COSTED,Fixed 50% Hedge · 5bp,0.0711190652514726,2.6678354818644587,0.0,HISTORICAL_DELAYED_NON_CANONICAL_SPOT_SENSITIVITY
2025-09,2025-10,FIXED50_COSTED,Fixed 50% Hedge · 5bp,0.051374586000505706,2.804894425262705,0.0,HISTORICAL_DELAYED_NON_CANONICAL_SPOT_SENSITIVITY
2025-10,2025-11,FIXED50_COSTED,Fixed 50% Hedge · 5bp,0.012334671416570187,2.83949187635649,0.0,HISTORICAL_DELAYED_NON_CANONICAL_SPOT_SENSITIVITY
2025-11,2025-12,FIXED50_COSTED,Fixed 50% Hedge · 5bp,0.010897630339675723,2.870435609177535,0.0,HISTORICAL_DELAYED_NON_CANONICAL_SPOT_SENSITIVITY
2025-12,2026-01,FIXED50_COSTED,Fixed 50% Hedge · 5bp,0.07233919480074058,3.0780806098728113,0.0,HISTORICAL_DELAYED_NON_CANONICAL_SPOT_SENSITIVITY
2026-01,2026-02,FIXED50_COSTED,Fixed 50% Hedge · 5bp,0.05830123931052822,3.2575365241261025,0.0,HISTORICAL_DELAYED_NON_CANONICAL_SPOT_SENSITIVITY
2026-02,2026-03,FIXED50_COSTED,Fixed 50% Hedge · 5bp,-0.05020755386526954,3.093983583622958,-0.05020755386526965,HISTORICAL_DELAYED_NON_CANONICAL_SPOT_SENSITIVITY
2026-03,2026-04,FIXED50_COSTED,Fixed 50% Hedge · 5bp,0.07408960677899024,3.323215610714234,0.0,HISTORICAL_DELAYED_NON_CANONICAL_SPOT_SENSITIVITY
2026-04,2026-05,FIXED50_COSTED,Fixed 50% Hedge · 5bp,0.07262416829252172,3.56456138049908,0.0,HISTORICAL_DELAYED_NON_CANONICAL_SPOT_SENSITIVITY
2026-05,2026-06,FIXED50_COSTED,Fixed 50% Hedge · 5bp,-0.004646287235373192,3.5479994044571628,-0.004646287235373303,HISTORICAL_DELAYED_NON_CANONICAL_SPOT_SENSITIVITY
2026-06,2026-07,FIXED50_COSTED,Fixed 50% Hedge · 5bp,-0.08572335969924472,3.2438529752961753,-0.08997135158267411,HISTORICAL_DELAYED_NON_CANONICAL_SPOT_SENSITIVITY
2026-07,2026-08,FIXED50_COSTED,Fixed 50% Hedge · 5bp,0.02933129507310772,3.338999384088366,-0.06327903277096414,HISTORICAL_DELAYED_NON_CANONICAL_SPOT_SENSITIVITY
2017-04,2017-05,DYNAMIC_COSTED,Dynamic FX · 5bp,0.021601995111349748,1.0216019951113497,0.0,HISTORICAL_DELAYED_NON_CANONICAL_SPOT_SENSITIVITY
2017-05,2017-06,DYNAMIC_COSTED,Dynamic FX · 5bp,0.0070146553508054765,1.0287681810127511,0.0,HISTORICAL_DELAYED_NON_CANONICAL_SPOT_SENSITIVITY
2017-06,2017-07,DYNAMIC_COSTED,Dynamic FX · 5bp,0.00824788577385771,1.0372533434575237,0.0,HISTORICAL_DELAYED_NON_CANONICAL_SPOT_SENSITIVITY
2017-07,2017-08,DYNAMIC_COSTED,Dynamic FX · 5bp,0.012006192497291845,1.0497068067675344,0.0,HISTORICAL_DELAYED_NON_CANONICAL_SPOT_SENSITIVITY
2017-08,2017-09,DYNAMIC_COSTED,Dynamic FX · 5bp,0.012075498335112123,1.0623825395650115,0.0,HISTORICAL_DELAYED_NON_CANONICAL_SPOT_SENSITIVITY
2017-09,2017-10,DYNAMIC_COSTED,Dynamic FX · 5bp,0.009607503357912828,1.0725893833812703,0.0,HISTORICAL_DELAYED_NON_CANONICAL_SPOT_SENSITIVITY
2017-10,2017-11,DYNAMIC_COSTED,Dynamic FX · 5bp,-0.010488795782354843,1.0613392123806622,-0.010488795782354843,HISTORICAL_DELAYED_NON_CANONICAL_SPOT_SENSITIVITY
2017-11,2017-12,DYNAMIC_COSTED,Dynamic FX · 5bp,0.0005501915643488786,1.0619231522622268,-0.009944375064965594,HISTORICAL_DELAYED_NON_CANONICAL_SPOT_SENSITIVITY
2017-12,2018-01,DYNAMIC_COSTED,Dynamic FX · 5bp,0.05644806146378967,1.1218666556309462,0.0,HISTORICAL_DELAYED_NON_CANONICAL_SPOT_SENSITIVITY
2018-01,2018-02,DYNAMIC_COSTED,Dynamic FX · 5bp,-0.03273171468127056,1.085146036348403,-0.03273171468127056,HISTORICAL_DELAYED_NON_CANONICAL_SPOT_SENSITIVITY
2018-02,2018-03,DYNAMIC_COSTED,Dynamic FX · 5bp,-0.02047787328230921,1.0629245533232603,-0.05253931205802387,HISTORICAL_DELAYED_NON_CANONICAL_SPOT_SENSITIVITY
2018-03,2018-04,DYNAMIC_COSTED,Dynamic FX · 5bp,0.01279175080393724,1.0765212193327578,-0.04041963104134316,HISTORICAL_DELAYED_NON_CANONICAL_SPOT_SENSITIVITY
2018-04,2018-05,DYNAMIC_COSTED,Dynamic FX · 5bp,0.01877659271041976,1.0967346198122934,-0.0224019812804922,HISTORICAL_DELAYED_NON_CANONICAL_SPOT_SENSITIVITY
2018-05,2018-06,DYNAMIC_COSTED,Dynamic FX · 5bp,0.030987699523175927,1.1307199026677013,0.0,HISTORICAL_DELAYED_NON_CANONICAL_SPOT_SENSITIVITY
2018-06,2018-07,DYNAMIC_COSTED,Dynamic FX · 5bp,0.0037571233353748124,1.134968156799787,0.0,HISTORICAL_DELAYED_NON_CANONICAL_SPOT_SENSITIVITY
2018-07,2018-08,DYNAMIC_COSTED,Dynamic FX · 5bp,0.02579583790298745,1.1642456113976467,0.0,HISTORICAL_DELAYED_NON_CANONICAL_SPOT_SENSITIVITY
2018-08,2018-09,DYNAMIC_COSTED,Dynamic FX · 5bp,-0.0048285619780730205,1.1586239793053137,-0.0048285619780730205,HISTORICAL_DELAYED_NON_CANONICAL_SPOT_SENSITIVITY
2018-09,2018-10,DYNAMIC_COSTED,Dynamic FX · 5bp,-0.025571017119851436,1.1289967856950271,-0.03027610785691881,HISTORICAL_DELAYED_NON_CANONICAL_SPOT_SENSITIVITY
2018-10,2018-11,DYNAMIC_COSTED,Dynamic FX · 5bp,-0.005664360365950416,1.122601741048851,-0.03576897343748919,HISTORICAL_DELAYED_NON_CANONICAL_SPOT_SENSITIVITY
2018-11,2018-12,DYNAMIC_COSTED,Dynamic FX · 5bp,-0.015174552920314333,1.1055667615208682,-0.05040074817747098,HISTORICAL_DELAYED_NON_CANONICAL_SPOT_SENSITIVITY
2018-12,2019-01,DYNAMIC_COSTED,Dynamic FX · 5bp,0.01639674453440021,1.12369445727525,-0.03483041183527935,HISTORICAL_DELAYED_NON_CANONICAL_SPOT_SENSITIVITY
2019-01,2019-02,DYNAMIC_COSTED,Dynamic FX · 5bp,0.005169376549499782,1.1295032570514916,-0.02984108679993036,HISTORICAL_DELAYED_NON_CANONICAL_SPOT_SENSITIVITY
2019-02,2019-03,DYNAMIC_COSTED,Dynamic FX · 5bp,0.025833182347287043,1.1586819206527574,-0.0047787946893870226,HISTORICAL_DELAYED_NON_CANONICAL_SPOT_SENSITIVITY
2019-03,2019-04,DYNAMIC_COSTED,Dynamic FX · 5bp,0.02980317874558258,1.1932143250432465,0.0,HISTORICAL_DELAYED_NON_CANONICAL_SPOT_SENSITIVITY
2019-04,2019-05,DYNAMIC_COSTED,Dynamic FX · 5bp,-0.02631090875091069,1.1618197718167542,-0.02631090875091069,HISTORICAL_DELAYED_NON_CANONICAL_SPOT_SENSITIVITY
2019-05,2019-06,DYNAMIC_COSTED,Dynamic FX · 5bp,0.019537453924260095,1.1845187720769184,-0.007287502994076989,HISTORICAL_DELAYED_NON_CANONICAL_SPOT_SENSITIVITY
2019-06,2019-07,DYNAMIC_COSTED,Dynamic FX · 5bp,0.01852557598573079,1.2064626645955538,0.0,HISTORICAL_DELAYED_NON_CANONICAL_SPOT_SENSITIVITY
2019-07,2019-08,DYNAMIC_COSTED,Dynamic FX · 5bp,0.03960167415998317,1.254240605925052,0.0,HISTORICAL_DELAYED_NON_CANONICAL_SPOT_SENSITIVITY
2019-08,2019-09,DYNAMIC_COSTED,Dynamic FX · 5bp,-0.010707636149675515,1.240810653872658,-0.010707636149675515,HISTORICAL_DELAYED_NON_CANONICAL_SPOT_SENSITIVITY
2019-09,2019-10,DYNAMIC_COSTED,Dynamic FX · 5bp,0.0014079317107860145,1.2425576305393264,-0.00931478005937214,HISTORICAL_DELAYED_NON_CANONICAL_SPOT_SENSITIVITY
2019-10,2019-11,DYNAMIC_COSTED,Dynamic FX · 5bp,0.01453262499484409,1.2606152546184366,0.0,HISTORICAL_DELAYED_NON_CANONICAL_SPOT_SENSITIVITY
2019-11,2019-12,DYNAMIC_COSTED,Dynamic FX · 5bp,0.018002951904811937,1.2833100504178045,0.0,HISTORICAL_DELAYED_NON_CANONICAL_SPOT_SENSITIVITY
2019-12,2020-01,DYNAMIC_COSTED,Dynamic FX · 5bp,0.015244325247281143,1.3028732462194783,0.0,HISTORICAL_DELAYED_NON_CANONICAL_SPOT_SENSITIVITY
2020-01,2020-02,DYNAMIC_COSTED,Dynamic FX · 5bp,-0.0008562612676229486,1.3017576463221183,-0.0008562612676229486,HISTORICAL_DELAYED_NON_CANONICAL_SPOT_SENSITIVITY
2020-02,2020-03,DYNAMIC_COSTED,Dynamic FX · 5bp,-0.02035652322965964,1.275258386555375,-0.02119535399489758,HISTORICAL_DELAYED_NON_CANONICAL_SPOT_SENSITIVITY
2020-03,2020-04,DYNAMIC_COSTED,Dynamic FX · 5bp,0.058874473416079987,1.3503385525332625,0.0,HISTORICAL_DELAYED_NON_CANONICAL_SPOT_SENSITIVITY
2020-04,2020-05,DYNAMIC_COSTED,Dynamic FX · 5bp,0.03192149357154661,1.3934433759573646,0.0,HISTORICAL_DELAYED_NON_CANONICAL_SPOT_SENSITIVITY
2020-05,2020-06,DYNAMIC_COSTED,Dynamic FX · 5bp,0.016487195969771218,1.4164173499695532,0.0,HISTORICAL_DELAYED_NON_CANONICAL_SPOT_SENSITIVITY
2020-06,2020-07,DYNAMIC_COSTED,Dynamic FX · 5bp,0.0537897228382791,1.492606046647745,0.0,HISTORICAL_DELAYED_NON_CANONICAL_SPOT_SENSITIVITY
2020-07,2020-08,DYNAMIC_COSTED,Dynamic FX · 5bp,0.04238174404607897,1.5558652940783997,0.0,HISTORICAL_DELAYED_NON_CANONICAL_SPOT_SENSITIVITY
2020-08,2020-09,DYNAMIC_COSTED,Dynamic FX · 5bp,-0.040874722881268366,1.492269731342362,-0.040874722881268366,HISTORICAL_DELAYED_NON_CANONICAL_SPOT_SENSITIVITY
2020-09,2020-10,DYNAMIC_COSTED,Dynamic FX · 5bp,-0.03193791944277702,1.4446097408758551,-0.07150718871741757,HISTORICAL_DELAYED_NON_CANONICAL_SPOT_SENSITIVITY
2020-10,2020-11,DYNAMIC_COSTED,Dynamic FX · 5bp,0.06255479436415623,1.5349770061528012,-0.013425511839038395,HISTORICAL_DELAYED_NON_CANONICAL_SPOT_SENSITIVITY
2020-11,2020-12,DYNAMIC_COSTED,Dynamic FX · 5bp,0.03604787211881466,1.5903096609759184,0.0,HISTORICAL_DELAYED_NON_CANONICAL_SPOT_SENSITIVITY
2020-12,2021-01,DYNAMIC_COSTED,Dynamic FX · 5bp,0.026501664183693707,1.632455513559186,0.0,HISTORICAL_DELAYED_NON_CANONICAL_SPOT_SENSITIVITY
2021-01,2021-02,DYNAMIC_COSTED,Dynamic FX · 5bp,0.019343780759772944,1.6640333751135574,0.0,HISTORICAL_DELAYED_NON_CANONICAL_SPOT_SENSITIVITY
2021-02,2021-03,DYNAMIC_COSTED,Dynamic FX · 5bp,0.018624040639265926,1.6950244003167672,0.0,HISTORICAL_DELAYED_NON_CANONICAL_SPOT_SENSITIVITY
2021-03,2021-04,DYNAMIC_COSTED,Dynamic FX · 5bp,0.029337735744693116,1.7447525782540674,0.0,HISTORICAL_DELAYED_NON_CANONICAL_SPOT_SENSITIVITY
2021-04,2021-05,DYNAMIC_COSTED,Dynamic FX · 5bp,0.020281266858403146,1.780138370895525,0.0,HISTORICAL_DELAYED_NON_CANONICAL_SPOT_SENSITIVITY
2021-05,2021-06,DYNAMIC_COSTED,Dynamic FX · 5bp,0.019799593658818004,1.8153843872957267,0.0,HISTORICAL_DELAYED_NON_CANONICAL_SPOT_SENSITIVITY
2021-06,2021-07,DYNAMIC_COSTED,Dynamic FX · 5bp,0.016907006583788187,1.8460771030838419,0.0,HISTORICAL_DELAYED_NON_CANONICAL_SPOT_SENSITIVITY
2021-07,2021-08,DYNAMIC_COSTED,Dynamic FX · 5bp,0.018376876956770483,1.880002234859925,0.0,HISTORICAL_DELAYED_NON_CANONICAL_SPOT_SENSITIVITY
2021-08,2021-09,DYNAMIC_COSTED,Dynamic FX · 5bp,-0.029694220193089427,1.824177034534494,-0.029694220193089427,HISTORICAL_DELAYED_NON_CANONICAL_SPOT_SENSITIVITY
2021-09,2021-10,DYNAMIC_COSTED,Dynamic FX · 5bp,0.03675170290205676,1.8912186469484606,0.0,HISTORICAL_DELAYED_NON_CANONICAL_SPOT_SENSITIVITY
2021-10,2021-11,DYNAMIC_COSTED,Dynamic FX · 5bp,-0.006634663584879297,1.878671047460507,-0.006634663584879297,HISTORICAL_DELAYED_NON_CANONICAL_SPOT_SENSITIVITY
2021-11,2021-12,DYNAMIC_COSTED,Dynamic FX · 5bp,0.025456510667524412,1.9264954570209547,0.0,HISTORICAL_DELAYED_NON_CANONICAL_SPOT_SENSITIVITY
2021-12,2022-01,DYNAMIC_COSTED,Dynamic FX · 5bp,-0.028283509873469503,1.8720074037411083,-0.028283509873469503,HISTORICAL_DELAYED_NON_CANONICAL_SPOT_SENSITIVITY
2022-01,2022-02,DYNAMIC_COSTED,Dynamic FX · 5bp,-0.0010678907251471248,1.8700083043972464,-0.029321196900748192,HISTORICAL_DELAYED_NON_CANONICAL_SPOT_SENSITIVITY
2022-02,2022-03,DYNAMIC_COSTED,Dynamic FX · 5bp,0.027675658144070914,1.9217620149563184,-0.0024570221784773194,HISTORICAL_DELAYED_NON_CANONICAL_SPOT_SENSITIVITY
2022-03,2022-04,DYNAMIC_COSTED,Dynamic FX · 5bp,0.0005172237516537503,1.9227559959154799,-0.001941069257052619,HISTORICAL_DELAYED_NON_CANONICAL_SPOT_SENSITIVITY
2022-04,2022-05,DYNAMIC_COSTED,Dynamic FX · 5bp,-0.005900808874893082,1.911410180270528,-0.00783042425324687,HISTORICAL_DELAYED_NON_CANONICAL_SPOT_SENSITIVITY
2022-05,2022-06,DYNAMIC_COSTED,Dynamic FX · 5bp,-0.009573470645861781,1.8931113510175066,-0.01732893056237561,HISTORICAL_DELAYED_NON_CANONICAL_SPOT_SENSITIVITY
2022-06,2022-07,DYNAMIC_COSTED,Dynamic FX · 5bp,0.016283240072315852,1.9239373376297508,-0.001327861626603366,HISTORICAL_DELAYED_NON_CANONICAL_SPOT_SENSITIVITY
2022-07,2022-08,DYNAMIC_COSTED,Dynamic FX · 5bp,-0.015272647224453317,1.8945537213901777,-0.016580228888870674,HISTORICAL_DELAYED_NON_CANONICAL_SPOT_SENSITIVITY
2022-08,2022-09,DYNAMIC_COSTED,Dynamic FX · 5bp,-0.025678061142995534,1.845905255093631,-0.041832541900692966,HISTORICAL_DELAYED_NON_CANONICAL_SPOT_SENSITIVITY
2022-09,2022-10,DYNAMIC_COSTED,Dynamic FX · 5bp,0.011624473525301937,1.8673629318616827,-0.03069434965121165,HISTORICAL_DELAYED_NON_CANONICAL_SPOT_SENSITIVITY
2022-10,2022-11,DYNAMIC_COSTED,Dynamic FX · 5bp,0.013415481142783126,1.8924145040608054,-0.017690647977364304,HISTORICAL_DELAYED_NON_CANONICAL_SPOT_SENSITIVITY
2022-11,2022-12,DYNAMIC_COSTED,Dynamic FX · 5bp,-0.02571660540078502,1.8437480270051514,-0.04295230996483124,HISTORICAL_DELAYED_NON_CANONICAL_SPOT_SENSITIVITY
2022-12,2023-01,DYNAMIC_COSTED,Dynamic FX · 5bp,0.029056754719394506,1.8973213611902076,-0.015143609980716288,HISTORICAL_DELAYED_NON_CANONICAL_SPOT_SENSITIVITY
2023-01,2023-02,DYNAMIC_COSTED,Dynamic FX · 5bp,0.0027818354570723347,1.9025993970262272,-0.012403901554836394,HISTORICAL_DELAYED_NON_CANONICAL_SPOT_SENSITIVITY
2023-02,2023-03,DYNAMIC_COSTED,Dynamic FX · 5bp,0.01690226784200277,1.9347576416307974,0.0,HISTORICAL_DELAYED_NON_CANONICAL_SPOT_SENSITIVITY
2023-03,2023-04,DYNAMIC_COSTED,Dynamic FX · 5bp,0.025058539158420157,1.9832398417556554,0.0,HISTORICAL_DELAYED_NON_CANONICAL_SPOT_SENSITIVITY
2023-04,2023-05,DYNAMIC_COSTED,Dynamic FX · 5bp,0.0001138622360790098,1.9834656578787186,0.0,HISTORICAL_DELAYED_NON_CANONICAL_SPOT_SENSITIVITY
2023-05,2023-06,DYNAMIC_COSTED,Dynamic FX · 5bp,0.022372943334664663,2.0278416226486926,0.0,HISTORICAL_DELAYED_NON_CANONICAL_SPOT_SENSITIVITY
2023-06,2023-07,DYNAMIC_COSTED,Dynamic FX · 5bp,0.0032630057192066797,2.0344584814610407,0.0,HISTORICAL_DELAYED_NON_CANONICAL_SPOT_SENSITIVITY
2023-07,2023-08,DYNAMIC_COSTED,Dynamic FX · 5bp,0.0005275204065362527,2.035531699826262,0.0,HISTORICAL_DELAYED_NON_CANONICAL_SPOT_SENSITIVITY
2023-08,2023-09,DYNAMIC_COSTED,Dynamic FX · 5bp,-0.015271877287227564,2.0044453094922536,-0.015271877287227564,HISTORICAL_DELAYED_NON_CANONICAL_SPOT_SENSITIVITY
2023-09,2023-10,DYNAMIC_COSTED,Dynamic FX · 5bp,-0.005754548378617774,1.9929106319864869,-0.02093854290916375,HISTORICAL_DELAYED_NON_CANONICAL_SPOT_SENSITIVITY
2023-10,2023-11,DYNAMIC_COSTED,Dynamic FX · 5bp,0.013018335530546876,2.0188550112760812,-0.008192792355729117,HISTORICAL_DELAYED_NON_CANONICAL_SPOT_SENSITIVITY
2023-11,2023-12,DYNAMIC_COSTED,Dynamic FX · 5bp,0.039944051568622685,2.0994962599560654,0.0,HISTORICAL_DELAYED_NON_CANONICAL_SPOT_SENSITIVITY
2023-12,2024-01,DYNAMIC_COSTED,Dynamic FX · 5bp,0.007123735040293067,2.1144525150300786,0.0,HISTORICAL_DELAYED_NON_CANONICAL_SPOT_SENSITIVITY
2024-01,2024-02,DYNAMIC_COSTED,Dynamic FX · 5bp,0.025589687572945552,2.1685606942775273,0.0,HISTORICAL_DELAYED_NON_CANONICAL_SPOT_SENSITIVITY
2024-02,2024-03,DYNAMIC_COSTED,Dynamic FX · 5bp,0.03327969038939527,2.2407297227736955,0.0,HISTORICAL_DELAYED_NON_CANONICAL_SPOT_SENSITIVITY
2024-03,2024-04,DYNAMIC_COSTED,Dynamic FX · 5bp,-0.021152991412835886,2.1933315861893776,-0.021152991412835775,HISTORICAL_DELAYED_NON_CANONICAL_SPOT_SENSITIVITY
2024-04,2024-05,DYNAMIC_COSTED,Dynamic FX · 5bp,0.017961448231247346,2.232726997928678,-0.0035714815417861034,HISTORICAL_DELAYED_NON_CANONICAL_SPOT_SENSITIVITY
2024-05,2024-06,DYNAMIC_COSTED,Dynamic FX · 5bp,0.029349893518107573,2.2982572975728885,0.0,HISTORICAL_DELAYED_NON_CANONICAL_SPOT_SENSITIVITY
2024-06,2024-07,DYNAMIC_COSTED,Dynamic FX · 5bp,0.0012611570064122724,2.3011557608662607,0.0,HISTORICAL_DELAYED_NON_CANONICAL_SPOT_SENSITIVITY
2024-07,2024-08,DYNAMIC_COSTED,Dynamic FX · 5bp,0.003296286059021325,2.3087410285204406,0.0,HISTORICAL_DELAYED_NON_CANONICAL_SPOT_SENSITIVITY
2024-08,2024-09,DYNAMIC_COSTED,Dynamic FX · 5bp,0.019251406990610898,2.353187541696409,0.0,HISTORICAL_DELAYED_NON_CANONICAL_SPOT_SENSITIVITY
2024-09,2024-10,DYNAMIC_COSTED,Dynamic FX · 5bp,0.013132952385472407,2.384091841635595,0.0,HISTORICAL_DELAYED_NON_CANONICAL_SPOT_SENSITIVITY
2024-10,2024-11,DYNAMIC_COSTED,Dynamic FX · 5bp,0.031088130658106783,2.458208800309289,0.0,HISTORICAL_DELAYED_NON_CANONICAL_SPOT_SENSITIVITY
2024-11,2024-12,DYNAMIC_COSTED,Dynamic FX · 5bp,0.0035622126308605395,2.4669654627470434,0.0,HISTORICAL_DELAYED_NON_CANONICAL_SPOT_SENSITIVITY
2024-12,2025-01,DYNAMIC_COSTED,Dynamic FX · 5bp,0.018507376418441135,2.5126225211773967,0.0,HISTORICAL_DELAYED_NON_CANONICAL_SPOT_SENSITIVITY
2025-01,2025-02,DYNAMIC_COSTED,Dynamic FX · 5bp,-0.004535404578887792,2.501226761489832,-0.004535404578887792,HISTORICAL_DELAYED_NON_CANONICAL_SPOT_SENSITIVITY
2025-02,2025-03,DYNAMIC_COSTED,Dynamic FX · 5bp,-0.010431922030081808,2.475134158934416,-0.014920013622027883,HISTORICAL_DELAYED_NON_CANONICAL_SPOT_SENSITIVITY
2025-03,2025-04,DYNAMIC_COSTED,Dynamic FX · 5bp,-0.001448425752615723,2.4715491108774366,-0.016346828842684014,HISTORICAL_DELAYED_NON_CANONICAL_SPOT_SENSITIVITY
2025-04,2025-05,DYNAMIC_COSTED,Dynamic FX · 5bp,-0.005817309795444703,2.4571713440248066,-0.022069044070577748,HISTORICAL_DELAYED_NON_CANONICAL_SPOT_SENSITIVITY
2025-05,2025-06,DYNAMIC_COSTED,Dynamic FX · 5bp,0.030347526161491167,2.531740415670866,0.0,HISTORICAL_DELAYED_NON_CANONICAL_SPOT_SENSITIVITY
2025-06,2025-07,DYNAMIC_COSTED,Dynamic FX · 5bp,0.017824911091682827,2.5768684634874193,0.0,HISTORICAL_DELAYED_NON_CANONICAL_SPOT_SENSITIVITY
2025-07,2025-08,DYNAMIC_COSTED,Dynamic FX · 5bp,0.020811145744705994,2.6304960486459925,0.0,HISTORICAL_DELAYED_NON_CANONICAL_SPOT_SENSITIVITY
2025-08,2025-09,DYNAMIC_COSTED,Dynamic FX · 5bp,0.0711190652514726,2.8175744687733877,0.0,HISTORICAL_DELAYED_NON_CANONICAL_SPOT_SENSITIVITY
2025-09,2025-10,DYNAMIC_COSTED,Dynamic FX · 5bp,0.051374586000505706,2.9623261906322154,0.0,HISTORICAL_DELAYED_NON_CANONICAL_SPOT_SENSITIVITY
2025-10,2025-11,DYNAMIC_COSTED,Dynamic FX · 5bp,0.012334671416570187,2.998865510822364,0.0,HISTORICAL_DELAYED_NON_CANONICAL_SPOT_SENSITIVITY
2025-11,2025-12,DYNAMIC_COSTED,Dynamic FX · 5bp,0.010897630339675723,3.0315460385977087,0.0,HISTORICAL_DELAYED_NON_CANONICAL_SPOT_SENSITIVITY
2025-12,2026-01,DYNAMIC_COSTED,Dynamic FX · 5bp,0.07233919480074058,3.2508456380312416,0.0,HISTORICAL_DELAYED_NON_CANONICAL_SPOT_SENSITIVITY
2026-01,2026-02,DYNAMIC_COSTED,Dynamic FX · 5bp,0.05830123931052822,3.4403739675356877,0.0,HISTORICAL_DELAYED_NON_CANONICAL_SPOT_SENSITIVITY
2026-02,2026-03,DYNAMIC_COSTED,Dynamic FX · 5bp,-0.05020755386526954,3.2676412062439684,-0.05020755386526965,HISTORICAL_DELAYED_NON_CANONICAL_SPOT_SENSITIVITY
2026-03,2026-04,DYNAMIC_COSTED,Dynamic FX · 5bp,0.07408960677899024,3.5097394583094093,0.0,HISTORICAL_DELAYED_NON_CANONICAL_SPOT_SENSITIVITY
2026-04,2026-05,DYNAMIC_COSTED,Dynamic FX · 5bp,0.07262416829252172,3.764631367392576,0.0,HISTORICAL_DELAYED_NON_CANONICAL_SPOT_SENSITIVITY
2026-05,2026-06,DYNAMIC_COSTED,Dynamic FX · 5bp,-0.004646287235373192,3.7471398087243744,-0.004646287235373192,HISTORICAL_DELAYED_NON_CANONICAL_SPOT_SENSITIVITY
2026-06,2026-07,DYNAMIC_COSTED,Dynamic FX · 5bp,-0.05362583805868504,3.546196296158469,-0.05802296424719999,HISTORICAL_DELAYED_NON_CANONICAL_SPOT_SENSITIVITY
2026-07,2026-08,DYNAMIC_COSTED,Dynamic FX · 5bp,0.0271298905819517,3.6424042136553707,-0.03246723033651533,HISTORICAL_DELAYED_NON_CANONICAL_SPOT_SENSITIVITY
2021-04,2021-05,CORE_DYNAMIC_ADAPTIVE_COMMON,PDS Core + Dynamic FX · common support,0.020281266858403146,1.0202812668584031,0.0,HISTORICAL_DELAYED_NON_CANONICAL_SPOT_SENSITIVITY
2021-05,2021-06,CORE_DYNAMIC_ADAPTIVE_COMMON,PDS Core + Dynamic FX · common support,0.019799593658818004,1.0404824213599035,0.0,HISTORICAL_DELAYED_NON_CANONICAL_SPOT_SENSITIVITY
2021-06,2021-07,CORE_DYNAMIC_ADAPTIVE_COMMON,PDS Core + Dynamic FX · common support,0.016907006583788187,1.0580738645081513,0.0,HISTORICAL_DELAYED_NON_CANONICAL_SPOT_SENSITIVITY
2021-07,2021-08,CORE_DYNAMIC_ADAPTIVE_COMMON,PDS Core + Dynamic FX · common support,0.018376876956770483,1.0775179577273923,0.0,HISTORICAL_DELAYED_NON_CANONICAL_SPOT_SENSITIVITY
2021-08,2021-09,CORE_DYNAMIC_ADAPTIVE_COMMON,PDS Core + Dynamic FX · common support,-0.029694220193089427,1.045521902228627,-0.029694220193089538,HISTORICAL_DELAYED_NON_CANONICAL_SPOT_SENSITIVITY
2021-09,2021-10,CORE_DYNAMIC_ADAPTIVE_COMMON,PDS Core + Dynamic FX · common support,0.03675170290205676,1.0839466125569268,0.0,HISTORICAL_DELAYED_NON_CANONICAL_SPOT_SENSITIVITY
2021-10,2021-11,CORE_DYNAMIC_ADAPTIVE_COMMON,PDS Core + Dynamic FX · common support,-0.006634663584879297,1.076754991438642,-0.006634663584879297,HISTORICAL_DELAYED_NON_CANONICAL_SPOT_SENSITIVITY
2021-11,2021-12,CORE_DYNAMIC_ADAPTIVE_COMMON,PDS Core + Dynamic FX · common support,0.025456510667524412,1.10416541636451,0.0,HISTORICAL_DELAYED_NON_CANONICAL_SPOT_SENSITIVITY
2021-12,2022-01,CORE_DYNAMIC_ADAPTIVE_COMMON,PDS Core + Dynamic FX · common support,-0.028283509873469503,1.0729357429088209,-0.028283509873469503,HISTORICAL_DELAYED_NON_CANONICAL_SPOT_SENSITIVITY
2022-01,2022-02,CORE_DYNAMIC_ADAPTIVE_COMMON,PDS Core + Dynamic FX · common support,-0.0010678907251471248,1.0717899647802898,-0.02932119690074808,HISTORICAL_DELAYED_NON_CANONICAL_SPOT_SENSITIVITY
2022-02,2022-03,CORE_DYNAMIC_ADAPTIVE_COMMON,PDS Core + Dynamic FX · common support,0.027675658144070914,1.1014524574477949,-0.0024570221784773194,HISTORICAL_DELAYED_NON_CANONICAL_SPOT_SENSITIVITY
2022-03,2022-04,CORE_DYNAMIC_ADAPTIVE_COMMON,PDS Core + Dynamic FX · common support,0.0005172237516537503,1.1020221548201043,-0.0019410692570525079,HISTORICAL_DELAYED_NON_CANONICAL_SPOT_SENSITIVITY
2022-04,2022-05,CORE_DYNAMIC_ADAPTIVE_COMMON,PDS Core + Dynamic FX · common support,-0.005900808874893082,1.095519332708613,-0.00783042425324687,HISTORICAL_DELAYED_NON_CANONICAL_SPOT_SENSITIVITY
2022-05,2022-06,CORE_DYNAMIC_ADAPTIVE_COMMON,PDS Core + Dynamic FX · common support,-0.009573470645861781,1.085031410534953,-0.0173289305623755,HISTORICAL_DELAYED_NON_CANONICAL_SPOT_SENSITIVITY
2022-06,2022-07,CORE_DYNAMIC_ADAPTIVE_COMMON,PDS Core + Dynamic FX · common support,0.016283240072315852,1.1026992374786972,-0.001327861626603255,HISTORICAL_DELAYED_NON_CANONICAL_SPOT_SENSITIVITY
2022-07,2022-08,CORE_DYNAMIC_ADAPTIVE_COMMON,PDS Core + Dynamic FX · common support,-0.015272647224453317,1.0858581010300115,-0.016580228888870563,HISTORICAL_DELAYED_NON_CANONICAL_SPOT_SENSITIVITY
2022-08,2022-09,CORE_DYNAMIC_ADAPTIVE_COMMON,PDS Core + Dynamic FX · common support,-0.025678061142995534,1.057975370319146,-0.04183254190069263,HISTORICAL_DELAYED_NON_CANONICAL_SPOT_SENSITIVITY
2022-09,2022-10,CORE_DYNAMIC_ADAPTIVE_COMMON,PDS Core + Dynamic FX · common support,0.011624473525301937,1.0702737770018422,-0.03069434965121154,HISTORICAL_DELAYED_NON_CANONICAL_SPOT_SENSITIVITY
2022-10,2022-11,CORE_DYNAMIC_ADAPTIVE_COMMON,PDS Core + Dynamic FX · common support,0.013415481142783126,1.0846320146748256,-0.017690647977364304,HISTORICAL_DELAYED_NON_CANONICAL_SPOT_SENSITIVITY
2022-11,2022-12,CORE_DYNAMIC_ADAPTIVE_COMMON,PDS Core + Dynamic FX · common support,-0.02571660540078502,1.0567389611483746,-0.04295230996483124,HISTORICAL_DELAYED_NON_CANONICAL_SPOT_SENSITIVITY
2022-12,2023-01,CORE_DYNAMIC_ADAPTIVE_COMMON,PDS Core + Dynamic FX · common support,0.029056754719394506,1.0874443659448907,-0.015143609980716288,HISTORICAL_DELAYED_NON_CANONICAL_SPOT_SENSITIVITY
2023-01,2023-02,CORE_DYNAMIC_ADAPTIVE_COMMON,PDS Core + Dynamic FX · common support,0.0027818354570723347,1.0904694572396698,-0.012403901554836283,HISTORICAL_DELAYED_NON_CANONICAL_SPOT_SENSITIVITY
2023-02,2023-03,CORE_DYNAMIC_ADAPTIVE_COMMON,PDS Core + Dynamic FX · common support,0.01690226784200277,1.1089008640794582,0.0,HISTORICAL_DELAYED_NON_CANONICAL_SPOT_SENSITIVITY
2023-03,2023-04,CORE_DYNAMIC_ADAPTIVE_COMMON,PDS Core + Dynamic FX · common support,0.025058539158420157,1.1366882998047994,0.0,HISTORICAL_DELAYED_NON_CANONICAL_SPOT_SENSITIVITY
2023-04,2023-05,CORE_DYNAMIC_ADAPTIVE_COMMON,PDS Core + Dynamic FX · common support,0.0001138622360790098,1.1368177256763399,0.0,HISTORICAL_DELAYED_NON_CANONICAL_SPOT_SENSITIVITY
2023-05,2023-06,CORE_DYNAMIC_ADAPTIVE_COMMON,PDS Core + Dynamic FX · common support,0.022372943334664663,1.162251684234739,0.0,HISTORICAL_DELAYED_NON_CANONICAL_SPOT_SENSITIVITY
2023-06,2023-07,CORE_DYNAMIC_ADAPTIVE_COMMON,PDS Core + Dynamic FX · common support,0.0032630057192066797,1.1660441181275545,0.0,HISTORICAL_DELAYED_NON_CANONICAL_SPOT_SENSITIVITY
2023-07,2023-08,CORE_DYNAMIC_ADAPTIVE_COMMON,PDS Core + Dynamic FX · common support,0.0005275204065362527,1.1666592301947882,0.0,HISTORICAL_DELAYED_NON_CANONICAL_SPOT_SENSITIVITY
2023-08,2023-09,CORE_DYNAMIC_ADAPTIVE_COMMON,PDS Core + Dynamic FX · common support,-0.015271877287227564,1.148842153595242,-0.015271877287227564,HISTORICAL_DELAYED_NON_CANONICAL_SPOT_SENSITIVITY
2023-09,2023-10,CORE_DYNAMIC_ADAPTIVE_COMMON,PDS Core + Dynamic FX · common support,-0.005754548378617774,1.1422310858429827,-0.02093854290916375,HISTORICAL_DELAYED_NON_CANONICAL_SPOT_SENSITIVITY
2023-10,2023-11,CORE_DYNAMIC_ADAPTIVE_COMMON,PDS Core + Dynamic FX · common support,0.013018335530546876,1.1571010333719076,-0.008192792355729117,HISTORICAL_DELAYED_NON_CANONICAL_SPOT_SENSITIVITY
2023-11,2023-12,CORE_DYNAMIC_ADAPTIVE_COMMON,PDS Core + Dynamic FX · common support,0.039944051568622685,1.2033203367190217,0.0,HISTORICAL_DELAYED_NON_CANONICAL_SPOT_SENSITIVITY
2023-12,2024-01,CORE_DYNAMIC_ADAPTIVE_COMMON,PDS Core + Dynamic FX · common support,0.007123735040293067,1.2118924719664044,0.0,HISTORICAL_DELAYED_NON_CANONICAL_SPOT_SENSITIVITY
2024-01,2024-02,CORE_DYNAMIC_ADAPTIVE_COMMON,PDS Core + Dynamic FX · common support,0.025589687572945552,1.2429044216960294,0.0,HISTORICAL_DELAYED_NON_CANONICAL_SPOT_SENSITIVITY
2024-02,2024-03,CORE_DYNAMIC_ADAPTIVE_COMMON,PDS Core + Dynamic FX · common support,0.03327969038939527,1.2842678960336837,0.0,HISTORICAL_DELAYED_NON_CANONICAL_SPOT_SENSITIVITY
2024-03,2024-04,CORE_DYNAMIC_ADAPTIVE_COMMON,PDS Core + Dynamic FX · common support,-0.021152991412835886,1.2571017882571025,-0.021152991412835775,HISTORICAL_DELAYED_NON_CANONICAL_SPOT_SENSITIVITY
2024-04,2024-05,CORE_DYNAMIC_ADAPTIVE_COMMON,PDS Core + Dynamic FX · common support,0.017961448231247346,1.2796811569482909,-0.0035714815417862145,HISTORICAL_DELAYED_NON_CANONICAL_SPOT_SENSITIVITY
2024-05,2024-06,CORE_DYNAMIC_ADAPTIVE_COMMON,PDS Core + Dynamic FX · common support,0.029349893518107573,1.3172396626418519,0.0,HISTORICAL_DELAYED_NON_CANONICAL_SPOT_SENSITIVITY
2024-06,2024-07,CORE_DYNAMIC_ADAPTIVE_COMMON,PDS Core + Dynamic FX · common support,0.0012611570064122724,1.3189009086715169,0.0,HISTORICAL_DELAYED_NON_CANONICAL_SPOT_SENSITIVITY
2024-07,2024-08,CORE_DYNAMIC_ADAPTIVE_COMMON,PDS Core + Dynamic FX · common support,0.003296286059021325,1.3232483833500013,0.0,HISTORICAL_DELAYED_NON_CANONICAL_SPOT_SENSITIVITY
2024-08,2024-09,CORE_DYNAMIC_ADAPTIVE_COMMON,PDS Core + Dynamic FX · common support,0.019251406990610898,1.34872277652754,0.0,HISTORICAL_DELAYED_NON_CANONICAL_SPOT_SENSITIVITY
2024-09,2024-10,CORE_DYNAMIC_ADAPTIVE_COMMON,PDS Core + Dynamic FX · common support,0.013132952385472407,1.3664354885328784,0.0,HISTORICAL_DELAYED_NON_CANONICAL_SPOT_SENSITIVITY
2024-10,2024-11,CORE_DYNAMIC_ADAPTIVE_COMMON,PDS Core + Dynamic FX · common support,0.031088130658106783,1.4089154135362625,0.0,HISTORICAL_DELAYED_NON_CANONICAL_SPOT_SENSITIVITY
2024-11,2024-12,CORE_DYNAMIC_ADAPTIVE_COMMON,PDS Core + Dynamic FX · common support,0.0035622126308605395,1.4139342698181754,0.0,HISTORICAL_DELAYED_NON_CANONICAL_SPOT_SENSITIVITY
2024-12,2025-01,CORE_DYNAMIC_ADAPTIVE_COMMON,PDS Core + Dynamic FX · common support,0.018507376418441135,1.440102483580634,0.0,HISTORICAL_DELAYED_NON_CANONICAL_SPOT_SENSITIVITY
2025-01,2025-02,CORE_DYNAMIC_ADAPTIVE_COMMON,PDS Core + Dynamic FX · common support,-0.004535404578887792,1.4335710361825347,-0.004535404578887792,HISTORICAL_DELAYED_NON_CANONICAL_SPOT_SENSITIVITY
2025-02,2025-03,CORE_DYNAMIC_ADAPTIVE_COMMON,PDS Core + Dynamic FX · common support,-0.010431922030081808,1.418616134908495,-0.014920013622027772,HISTORICAL_DELAYED_NON_CANONICAL_SPOT_SENSITIVITY
2025-03,2025-04,CORE_DYNAMIC_ADAPTIVE_COMMON,PDS Core + Dynamic FX · common support,-0.001448425752615723,1.4165613747656172,-0.016346828842684014,HISTORICAL_DELAYED_NON_CANONICAL_SPOT_SENSITIVITY
2025-04,2025-05,CORE_DYNAMIC_ADAPTIVE_COMMON,PDS Core + Dynamic FX · common support,-0.005817309795444703,1.4083207984043444,-0.022069044070577748,HISTORICAL_DELAYED_NON_CANONICAL_SPOT_SENSITIVITY
2025-05,2025-06,CORE_DYNAMIC_ADAPTIVE_COMMON,PDS Core + Dynamic FX · common support,0.030347526161491167,1.4510598506776924,0.0,HISTORICAL_DELAYED_NON_CANONICAL_SPOT_SENSITIVITY
2025-06,2025-07,CORE_DYNAMIC_ADAPTIVE_COMMON,PDS Core + Dynamic FX · common support,0.017824911091682827,1.4769248635047327,0.0,HISTORICAL_DELAYED_NON_CANONICAL_SPOT_SENSITIVITY
2025-07,2025-08,CORE_DYNAMIC_ADAPTIVE_COMMON,PDS Core + Dynamic FX · common support,0.020811145744705994,1.5076613620931096,0.0,HISTORICAL_DELAYED_NON_CANONICAL_SPOT_SENSITIVITY
2025-08,2025-09,CORE_DYNAMIC_ADAPTIVE_COMMON,PDS Core + Dynamic FX · common support,0.0711190652514726,1.6148848288809337,0.0,HISTORICAL_DELAYED_NON_CANONICAL_SPOT_SENSITIVITY
2025-09,2025-10,CORE_DYNAMIC_ADAPTIVE_COMMON,PDS Core + Dynamic FX · common support,0.051374586000505706,1.6978488684031892,0.0,HISTORICAL_DELAYED_NON_CANONICAL_SPOT_SENSITIVITY
2025-10,2025-11,CORE_DYNAMIC_ADAPTIVE_COMMON,PDS Core + Dynamic FX · common support,0.012334671416570187,1.718791276309938,0.0,HISTORICAL_DELAYED_NON_CANONICAL_SPOT_SENSITIVITY
2025-11,2025-12,CORE_DYNAMIC_ADAPTIVE_COMMON,PDS Core + Dynamic FX · common support,0.010897630339675723,1.737522028270223,0.0,HISTORICAL_DELAYED_NON_CANONICAL_SPOT_SENSITIVITY
2025-12,2026-01,CORE_DYNAMIC_ADAPTIVE_COMMON,PDS Core + Dynamic FX · common support,0.07233919480074058,1.8632129727438407,0.0,HISTORICAL_DELAYED_NON_CANONICAL_SPOT_SENSITIVITY
2026-01,2026-02,CORE_DYNAMIC_ADAPTIVE_COMMON,PDS Core + Dynamic FX · common support,0.05830123931052822,1.97184059815426,0.0,HISTORICAL_DELAYED_NON_CANONICAL_SPOT_SENSITIVITY
2026-02,2026-03,CORE_DYNAMIC_ADAPTIVE_COMMON,PDS Core + Dynamic FX · common support,-0.05020755386526954,1.8728393051087047,-0.05020755386526954,HISTORICAL_DELAYED_NON_CANONICAL_SPOT_SENSITIVITY
2026-03,2026-04,CORE_DYNAMIC_ADAPTIVE_COMMON,PDS Core + Dynamic FX · common support,0.07408960677899024,2.011597232784446,0.0,HISTORICAL_DELAYED_NON_CANONICAL_SPOT_SENSITIVITY
2026-04,2026-05,CORE_DYNAMIC_ADAPTIVE_COMMON,PDS Core + Dynamic FX · common support,0.07262416829252172,2.1576878087549547,0.0,HISTORICAL_DELAYED_NON_CANONICAL_SPOT_SENSITIVITY
2026-05,2026-06,CORE_DYNAMIC_ADAPTIVE_COMMON,PDS Core + Dynamic FX · common support,-0.004646287235373192,2.147662571431216,-0.004646287235373192,HISTORICAL_DELAYED_NON_CANONICAL_SPOT_SENSITIVITY
2026-06,2026-07,CORE_DYNAMIC_ADAPTIVE_COMMON,PDS Core + Dynamic FX · common support,-0.05362583805868504,2.0324923661709464,-0.058022964247200104,HISTORICAL_DELAYED_NON_CANONICAL_SPOT_SENSITIVITY
2026-07,2026-08,CORE_DYNAMIC_ADAPTIVE_COMMON,PDS Core + Dynamic FX · common support,0.0271298905819517,2.0876336616738165,-0.03246723033651533,HISTORICAL_DELAYED_NON_CANONICAL_SPOT_SENSITIVITY
2021-04,2021-05,ADAPTIVE_DYNAMIC_COSTED,PDS Adaptive + Dynamic FX,0.021703036562652045,1.021703036562652,0.0,HISTORICAL_DELAYED_NON_CANONICAL_SPOT_SENSITIVITY
2021-05,2021-06,ADAPTIVE_DYNAMIC_COSTED,PDS Adaptive + Dynamic FX,0.019414505576503593,1.0415388958635283,0.0,HISTORICAL_DELAYED_NON_CANONICAL_SPOT_SENSITIVITY
2021-06,2021-07,ADAPTIVE_DYNAMIC_COSTED,PDS Adaptive + Dynamic FX,0.01621783614408545,1.0584304030143348,0.0,HISTORICAL_DELAYED_NON_CANONICAL_SPOT_SENSITIVITY
2021-07,2021-08,ADAPTIVE_DYNAMIC_COSTED,PDS Adaptive + Dynamic FX,0.019708271830977342,1.0792902371111122,0.0,HISTORICAL_DELAYED_NON_CANONICAL_SPOT_SENSITIVITY
2021-08,2021-09,ADAPTIVE_DYNAMIC_COSTED,PDS Adaptive + Dynamic FX,-0.03217753849633731,1.0445613339577484,-0.0321775384963372,HISTORICAL_DELAYED_NON_CANONICAL_SPOT_SENSITIVITY
2021-09,2021-10,ADAPTIVE_DYNAMIC_COSTED,PDS Adaptive + Dynamic FX,0.03901221680595279,1.0853119871852233,0.0,HISTORICAL_DELAYED_NON_CANONICAL_SPOT_SENSITIVITY
2021-10,2021-11,ADAPTIVE_DYNAMIC_COSTED,PDS Adaptive + Dynamic FX,-0.006069184473563638,1.0787250285236263,-0.006069184473563527,HISTORICAL_DELAYED_NON_CANONICAL_SPOT_SENSITIVITY
2021-11,2021-12,ADAPTIVE_DYNAMIC_COSTED,PDS Adaptive + Dynamic FX,0.028541165864167883,1.1095130984845483,0.0,HISTORICAL_DELAYED_NON_CANONICAL_SPOT_SENSITIVITY
2021-12,2022-01,ADAPTIVE_DYNAMIC_COSTED,PDS Adaptive + Dynamic FX,-0.02880951631693529,1.0775485627699042,-0.02880951631693529,HISTORICAL_DELAYED_NON_CANONICAL_SPOT_SENSITIVITY
2022-01,2022-02,ADAPTIVE_DYNAMIC_COSTED,PDS Adaptive + Dynamic FX,-0.0037877527619492035,1.073467075225138,-0.0324881457538847,HISTORICAL_DELAYED_NON_CANONICAL_SPOT_SENSITIVITY
2022-02,2022-03,ADAPTIVE_DYNAMIC_COSTED,PDS Adaptive + Dynamic FX,0.0344021126967915,1.1103966105233285,0.0,HISTORICAL_DELAYED_NON_CANONICAL_SPOT_SENSITIVITY
2022-03,2022-04,ADAPTIVE_DYNAMIC_COSTED,PDS Adaptive + Dynamic FX,-0.0013428775711992191,1.108905483819921,-0.0013428775711992191,HISTORICAL_DELAYED_NON_CANONICAL_SPOT_SENSITIVITY
2022-04,2022-05,ADAPTIVE_DYNAMIC_COSTED,PDS Adaptive + Dynamic FX,-0.007050129147520123,1.1010875569465972,-0.008383539258413175,HISTORICAL_DELAYED_NON_CANONICAL_SPOT_SENSITIVITY
2022-05,2022-06,ADAPTIVE_DYNAMIC_COSTED,PDS Adaptive + Dynamic FX,-0.01832523787442264,1.080909865544984,-0.026555146781695793,HISTORICAL_DELAYED_NON_CANONICAL_SPOT_SENSITIVITY
2022-06,2022-07,ADAPTIVE_DYNAMIC_COSTED,PDS Adaptive + Dynamic FX,0.02519492170379478,1.1081433049762492,-0.002029279921898608,HISTORICAL_DELAYED_NON_CANONICAL_SPOT_SENSITIVITY
2022-07,2022-08,ADAPTIVE_DYNAMIC_COSTED,PDS Adaptive + Dynamic FX,-0.020298783172660095,1.0856493443043014,-0.02228687118142747,HISTORICAL_DELAYED_NON_CANONICAL_SPOT_SENSITIVITY
2022-08,2022-09,ADAPTIVE_DYNAMIC_COSTED,PDS Adaptive + Dynamic FX,-0.03807040728252098,1.0443182316006347,-0.05950880820101845,HISTORICAL_DELAYED_NON_CANONICAL_SPOT_SENSITIVITY
2022-09,2022-10,ADAPTIVE_DYNAMIC_COSTED,PDS Adaptive + Dynamic FX,0.020389895226264,1.065611770925849,-0.04033229133901306,HISTORICAL_DELAYED_NON_CANONICAL_SPOT_SENSITIVITY
2022-10,2022-11,ADAPTIVE_DYNAMIC_COSTED,PDS Adaptive + Dynamic FX,0.017073762774807877,1.0838057735126798,-0.02394715253869195,HISTORICAL_DELAYED_NON_CANONICAL_SPOT_SENSITIVITY
2022-11,2022-12,ADAPTIVE_DYNAMIC_COSTED,PDS Adaptive + Dynamic FX,-0.03085858728559565,1.0503610584501062,-0.05406676452743098,HISTORICAL_DELAYED_NON_CANONICAL_SPOT_SENSITIVITY
2022-12,2023-01,ADAPTIVE_DYNAMIC_COSTED,PDS Adaptive + Dynamic FX,0.03929613126810305,1.0916361844818652,-0.016895247935439506,HISTORICAL_DELAYED_NON_CANONICAL_SPOT_SENSITIVITY
2023-01,2023-02,ADAPTIVE_DYNAMIC_COSTED,PDS Adaptive + Dynamic FX,0.0021890138541782456,1.0940257912134181,-0.014743218013061887,HISTORICAL_DELAYED_NON_CANONICAL_SPOT_SENSITIVITY
2023-02,2023-03,ADAPTIVE_DYNAMIC_COSTED,PDS Adaptive + Dynamic FX,0.015358666506223084,1.1108285684898718,0.0,HISTORICAL_DELAYED_NON_CANONICAL_SPOT_SENSITIVITY
2023-03,2023-04,ADAPTIVE_DYNAMIC_COSTED,PDS Adaptive + Dynamic FX,0.02471378375084754,1.138281345515794,0.0,HISTORICAL_DELAYED_NON_CANONICAL_SPOT_SENSITIVITY
2023-04,2023-05,ADAPTIVE_DYNAMIC_COSTED,PDS Adaptive + Dynamic FX,0.0004132640967511314,1.1387517563278973,0.0,HISTORICAL_DELAYED_NON_CANONICAL_SPOT_SENSITIVITY
2023-05,2023-06,ADAPTIVE_DYNAMIC_COSTED,PDS Adaptive + Dynamic FX,0.027648952333238608,1.170237049357999,0.0,HISTORICAL_DELAYED_NON_CANONICAL_SPOT_SENSITIVITY
2023-06,2023-07,ADAPTIVE_DYNAMIC_COSTED,PDS Adaptive + Dynamic FX,0.00789964197071158,1.179481503068789,0.0,HISTORICAL_DELAYED_NON_CANONICAL_SPOT_SENSITIVITY
2023-07,2023-08,ADAPTIVE_DYNAMIC_COSTED,PDS Adaptive + Dynamic FX,-0.0032595018704275613,1.1756369809034017,-0.0032595018704274503,HISTORICAL_DELAYED_NON_CANONICAL_SPOT_SENSITIVITY
2023-08,2023-09,ADAPTIVE_DYNAMIC_COSTED,PDS Adaptive + Dynamic FX,-0.020272636232390284,1.1518037200482014,-0.023466059407099893,HISTORICAL_DELAYED_NON_CANONICAL_SPOT_SENSITIVITY
2023-09,2023-10,ADAPTIVE_DYNAMIC_COSTED,PDS Adaptive + Dynamic FX,-0.01230322579591625,1.1376328188078721,-0.03548057697559015,HISTORICAL_DELAYED_NON_CANONICAL_SPOT_SENSITIVITY
2023-10,2023-11,ADAPTIVE_DYNAMIC_COSTED,PDS Adaptive + Dynamic FX,0.026147430122631876,1.1673789934428638,-0.010260872760138096,HISTORICAL_DELAYED_NON_CANONICAL_SPOT_SENSITIVITY
2023-11,2023-12,ADAPTIVE_DYNAMIC_COSTED,PDS Adaptive + Dynamic FX,0.04557629087427828,1.220583798008538,0.0,HISTORICAL_DELAYED_NON_CANONICAL_SPOT_SENSITIVITY
2023-12,2024-01,ADAPTIVE_DYNAMIC_COSTED,PDS Adaptive + Dynamic FX,0.006766022930287274,1.2288422959742007,0.0,HISTORICAL_DELAYED_NON_CANONICAL_SPOT_SENSITIVITY
2024-01,2024-02,ADAPTIVE_DYNAMIC_COSTED,PDS Adaptive + Dynamic FX,0.03104410657667933,1.266990607176355,0.0,HISTORICAL_DELAYED_NON_CANONICAL_SPOT_SENSITIVITY
2024-02,2024-03,ADAPTIVE_DYNAMIC_COSTED,PDS Adaptive + Dynamic FX,0.03285739312010083,1.3086206156358238,0.0,HISTORICAL_DELAYED_NON_CANONICAL_SPOT_SENSITIVITY
2024-03,2024-04,ADAPTIVE_DYNAMIC_COSTED,PDS Adaptive + Dynamic FX,-0.02492657437469481,1.2760011865319185,-0.02492657437469481,HISTORICAL_DELAYED_NON_CANONICAL_SPOT_SENSITIVITY
2024-04,2024-05,ADAPTIVE_DYNAMIC_COSTED,PDS Adaptive + Dynamic FX,0.021306824045492112,1.3031887192951932,-0.00415085646346125,HISTORICAL_DELAYED_NON_CANONICAL_SPOT_SENSITIVITY
2024-05,2024-06,ADAPTIVE_DYNAMIC_COSTED,PDS Adaptive + Dynamic FX,0.029965779768965417,1.342239785454993,0.0,HISTORICAL_DELAYED_NON_CANONICAL_SPOT_SENSITIVITY
2024-06,2024-07,ADAPTIVE_DYNAMIC_COSTED,PDS Adaptive + Dynamic FX,0.005643474348356214,1.3498146812535514,0.0,HISTORICAL_DELAYED_NON_CANONICAL_SPOT_SENSITIVITY
2024-07,2024-08,ADAPTIVE_DYNAMIC_COSTED,PDS Adaptive + Dynamic FX,0.0020934458688990354,1.3526404452218008,0.0,HISTORICAL_DELAYED_NON_CANONICAL_SPOT_SENSITIVITY
2024-08,2024-09,ADAPTIVE_DYNAMIC_COSTED,PDS Adaptive + Dynamic FX,0.017119874154692516,1.3757974794205452,0.0,HISTORICAL_DELAYED_NON_CANONICAL_SPOT_SENSITIVITY
2024-09,2024-10,ADAPTIVE_DYNAMIC_COSTED,PDS Adaptive + Dynamic FX,0.016238853893693728,1.3981388536761676,0.0,HISTORICAL_DELAYED_NON_CANONICAL_SPOT_SENSITIVITY
2024-10,2024-11,ADAPTIVE_DYNAMIC_COSTED,PDS Adaptive + Dynamic FX,0.03690206934399742,1.4497330706070626,0.0,HISTORICAL_DELAYED_NON_CANONICAL_SPOT_SENSITIVITY
2024-11,2024-12,ADAPTIVE_DYNAMIC_COSTED,PDS Adaptive + Dynamic FX,0.001987926436322507,1.4526150333037333,0.0,HISTORICAL_DELAYED_NON_CANONICAL_SPOT_SENSITIVITY
2024-12,2025-01,ADAPTIVE_DYNAMIC_COSTED,PDS Adaptive + Dynamic FX,0.02121388927470491,1.4834306477790105,0.0,HISTORICAL_DELAYED_NON_CANONICAL_SPOT_SENSITIVITY
2025-01,2025-02,ADAPTIVE_DYNAMIC_COSTED,PDS Adaptive + Dynamic FX,-0.007137506560921603,1.4728426517978155,-0.007137506560921714,HISTORICAL_DELAYED_NON_CANONICAL_SPOT_SENSITIVITY
2025-02,2025-03,ADAPTIVE_DYNAMIC_COSTED,PDS Adaptive + Dynamic FX,-0.012002670080762612,1.4551646073674107,-0.019054507505234297,HISTORICAL_DELAYED_NON_CANONICAL_SPOT_SENSITIVITY
2025-03,2025-04,ADAPTIVE_DYNAMIC_COSTED,PDS Adaptive + Dynamic FX,-0.00043807813513241367,1.4545271315699044,-0.019484238277252985,HISTORICAL_DELAYED_NON_CANONICAL_SPOT_SENSITIVITY
2025-04,2025-05,ADAPTIVE_DYNAMIC_COSTED,PDS Adaptive + Dynamic FX,-0.00022450362728265727,1.4542005849528858,-0.019704367622367602,HISTORICAL_DELAYED_NON_CANONICAL_SPOT_SENSITIVITY
2025-05,2025-06,ADAPTIVE_DYNAMIC_COSTED,PDS Adaptive + Dynamic FX,0.03115785955300243,1.4995103625407418,0.0,HISTORICAL_DELAYED_NON_CANONICAL_SPOT_SENSITIVITY
2025-06,2025-07,ADAPTIVE_DYNAMIC_COSTED,PDS Adaptive + Dynamic FX,0.019897471051674387,1.529346826571082,0.0,HISTORICAL_DELAYED_NON_CANONICAL_SPOT_SENSITIVITY
2025-07,2025-08,ADAPTIVE_DYNAMIC_COSTED,PDS Adaptive + Dynamic FX,0.020131452283331353,1.5601347992348618,0.0,HISTORICAL_DELAYED_NON_CANONICAL_SPOT_SENSITIVITY
2025-08,2025-09,ADAPTIVE_DYNAMIC_COSTED,PDS Adaptive + Dynamic FX,0.07355901369216111,1.674896776293396,0.0,HISTORICAL_DELAYED_NON_CANONICAL_SPOT_SENSITIVITY
2025-09,2025-10,ADAPTIVE_DYNAMIC_COSTED,PDS Adaptive + Dynamic FX,0.050561890548999955,1.7595827237772155,0.0,HISTORICAL_DELAYED_NON_CANONICAL_SPOT_SENSITIVITY
2025-10,2025-11,ADAPTIVE_DYNAMIC_COSTED,PDS Adaptive + Dynamic FX,0.01166433545630885,1.7801070869304785,0.0,HISTORICAL_DELAYED_NON_CANONICAL_SPOT_SENSITIVITY
2025-11,2025-12,ADAPTIVE_DYNAMIC_COSTED,PDS Adaptive + Dynamic FX,0.011720352667459633,1.800970569775148,0.0,HISTORICAL_DELAYED_NON_CANONICAL_SPOT_SENSITIVITY
2025-12,2026-01,ADAPTIVE_DYNAMIC_COSTED,PDS Adaptive + Dynamic FX,0.07131810272040129,1.9294123738667917,0.0,HISTORICAL_DELAYED_NON_CANONICAL_SPOT_SENSITIVITY
2026-01,2026-02,ADAPTIVE_DYNAMIC_COSTED,PDS Adaptive + Dynamic FX,0.053556365846304965,2.032744688829989,0.0,HISTORICAL_DELAYED_NON_CANONICAL_SPOT_SENSITIVITY
2026-02,2026-03,ADAPTIVE_DYNAMIC_COSTED,PDS Adaptive + Dynamic FX,-0.05253881265113969,1.925946696455951,-0.05253881265113969,HISTORICAL_DELAYED_NON_CANONICAL_SPOT_SENSITIVITY
2026-03,2026-04,ADAPTIVE_DYNAMIC_COSTED,PDS Adaptive + Dynamic FX,0.08283399995066776,2.085480565015172,0.0,HISTORICAL_DELAYED_NON_CANONICAL_SPOT_SENSITIVITY
2026-04,2026-05,ADAPTIVE_DYNAMIC_COSTED,PDS Adaptive + Dynamic FX,0.07552314781873881,2.2429826219999196,0.0,HISTORICAL_DELAYED_NON_CANONICAL_SPOT_SENSITIVITY
2026-05,2026-06,ADAPTIVE_DYNAMIC_COSTED,PDS Adaptive + Dynamic FX,0.009813990869996791,2.264995232973788,0.0,HISTORICAL_DELAYED_NON_CANONICAL_SPOT_SENSITIVITY
2026-06,2026-07,ADAPTIVE_DYNAMIC_COSTED,PDS Adaptive + Dynamic FX,-0.03447960063277078,2.1868991019057225,-0.03447960063277067,HISTORICAL_DELAYED_NON_CANONICAL_SPOT_SENSITIVITY
2026-07,2026-08,ADAPTIVE_DYNAMIC_COSTED,PDS Adaptive + Dynamic FX,0.029984254073246674,2.252471640209819,-0.005529191665241018,HISTORICAL_DELAYED_NON_CANONICAL_SPOT_SENSITIVITY
